ISO-10303-21;
HEADER;
/* Generated by software containing ST-Developer
 * from STEP Tools, Inc. (www.steptools.com) 
 */

FILE_DESCRIPTION(
/* description */ ('STEP AP214'),
/* implementation_level */ '2;1');

FILE_NAME(
/* name */ 'Camera_Mount.step',
/* time_stamp */ '2025-11-14T13:12:40+01:00',
/* author */ (''),
/* organization */ (''),
/* preprocessor_version */ 'ST-DEVELOPER v20.1',
/* originating_system */ 'Autodesk Translation Framework v14.21.0.0',
/* authorisation */ '');

FILE_SCHEMA (('AUTOMOTIVE_DESIGN { 1 0 10303 214 3 1 1 }'));
ENDSEC;

DATA;
#10=MECHANICAL_DESIGN_GEOMETRIC_PRESENTATION_REPRESENTATION('',(#43,#44),
#1944);
#11=SHAPE_REPRESENTATION_RELATIONSHIP('SRR','None',#1951,#12);
#12=ADVANCED_BREP_SHAPE_REPRESENTATION('',(#45),#1943);
#13=FACE_BOUND('',#196,.T.);
#14=FACE_BOUND('',#197,.T.);
#15=FACE_BOUND('',#198,.T.);
#16=FACE_BOUND('',#199,.T.);
#17=FACE_BOUND('',#204,.T.);
#18=FACE_BOUND('',#205,.T.);
#19=FACE_BOUND('',#206,.T.);
#20=FACE_BOUND('',#207,.T.);
#21=ELLIPSE('',#1169,1.70011423491137,1.69999999999999);
#22=ELLIPSE('',#1170,1.70011423491137,1.69999999999999);
#23=ELLIPSE('',#1175,8.08290376865475,6.99999999999999);
#24=ELLIPSE('',#1176,8.08290376865475,6.99999999999999);
#25=ELLIPSE('',#1182,2.25001930915332,2.24999999999999);
#26=ELLIPSE('',#1183,2.25001930915332,2.24999999999999);
#27=ELLIPSE('',#1195,8.08290376865477,7.00000000000001);
#28=ELLIPSE('',#1196,8.08290376865477,7.00000000000001);
#29=(
BOUNDED_SURFACE()
B_SPLINE_SURFACE(2,1,((#1721,#1722),(#1723,#1724),(#1725,#1726),(#1727,
#1728),(#1729,#1730)),.UNSPECIFIED.,.F.,.F.,.F.)
B_SPLINE_SURFACE_WITH_KNOTS((3,2,3),(2,2),(-0.441941738241593,0.,1.),(-1.23369999999998,
1.96274383324702),.UNSPECIFIED.)
GEOMETRIC_REPRESENTATION_ITEM()
RATIONAL_B_SPLINE_SURFACE(((1.,1.),(1.,1.),(1.,1.),(0.707106781186547,0.707106781186547),
(1.,1.)))
REPRESENTATION_ITEM('')
SURFACE()
);
#30=(
BOUNDED_SURFACE()
B_SPLINE_SURFACE(2,1,((#1883,#1884),(#1885,#1886),(#1887,#1888),(#1889,
#1890),(#1891,#1892)),.UNSPECIFIED.,.F.,.F.,.F.)
B_SPLINE_SURFACE_WITH_KNOTS((3,2,3),(2,2),(-0.441941738241596,0.,1.),(-1.60414383324659,
1.59230000000008),.UNSPECIFIED.)
GEOMETRIC_REPRESENTATION_ITEM()
RATIONAL_B_SPLINE_SURFACE(((1.,1.),(1.,1.),(1.,1.),(0.707106781186548,0.707106781186548),
(1.,1.)))
REPRESENTATION_ITEM('')
SURFACE()
);
#31=B_SPLINE_CURVE_WITH_KNOTS('',3,(#1626,#1627,#1628,#1629,#1630,#1631,
#1632,#1633),.UNSPECIFIED.,.F.,.F.,(4,1,1,1,1,4),(0.,0.250608122344328,
0.313648800075079,0.595211446503906,0.667366099576759,1.),.UNSPECIFIED.);
#32=B_SPLINE_CURVE_WITH_KNOTS('',3,(#1634,#1635,#1636,#1637,#1638,#1639,
#1640,#1641),.UNSPECIFIED.,.F.,.F.,(4,1,1,1,1,4),(0.,0.332633900423241,
0.404788553496094,0.686351199924921,0.749391877655672,1.),.UNSPECIFIED.);
#33=B_SPLINE_CURVE_WITH_KNOTS('',3,(#1666,#1667,#1668,#1669,#1670,#1671,
#1672,#1673),.UNSPECIFIED.,.F.,.F.,(4,1,1,1,1,4),(0.,0.332633900423241,
0.404788553496094,0.686351199924921,0.749391877655672,1.),.UNSPECIFIED.);
#34=B_SPLINE_CURVE_WITH_KNOTS('',3,(#1677,#1678,#1679,#1680,#1681,#1682,
#1683,#1684),.UNSPECIFIED.,.F.,.F.,(4,1,1,1,1,4),(0.,0.250608122344328,
0.313648800075079,0.595211446503906,0.667366099576759,1.),.UNSPECIFIED.);
#35=B_SPLINE_CURVE_WITH_KNOTS('',3,(#1733,#1734,#1735,#1736,#1737,#1738,
#1739,#1740,#1741,#1742,#1743,#1744),.UNSPECIFIED.,.F.,.F.,(4,2,2,2,2,4),
(-2.21582938213856,-2.01711793927109,-1.80501234098377,-1.33177987788555,
-0.724892673028242,0.),.UNSPECIFIED.);
#36=B_SPLINE_CURVE_WITH_KNOTS('',3,(#1748,#1749,#1750,#1751,#1752,#1753,
#1754,#1755,#1756,#1757,#1758,#1759,#1760,#1761),.UNSPECIFIED.,.F.,.F.,
(4,2,2,2,2,2,4),(-14.6607661957004,-12.1098373076523,-9.48142461056445,
-6.02886677647318,-3.27275684227719,-0.797403143470322,-0.74305267001308),
 .UNSPECIFIED.);
#37=B_SPLINE_CURVE_WITH_KNOTS('',3,(#1894,#1895,#1896,#1897,#1898,#1899,
#1900,#1901,#1902,#1903,#1904,#1905),.UNSPECIFIED.,.F.,.F.,(4,2,2,2,2,4),
(-2.21818637723899,-2.21488900010974,-1.81638095582518,-1.33331473595813,
-0.725794592298845,0.),.UNSPECIFIED.);
#38=B_SPLINE_CURVE_WITH_KNOTS('',3,(#1908,#1909,#1910,#1911,#1912,#1913,
#1914,#1915,#1916,#1917,#1918,#1919),.UNSPECIFIED.,.F.,.F.,(4,2,2,2,2,4),
(-2.08754890153393,-1.69217275123066,-1.2829562975049,-0.77451891943556,
-0.365758371040015,0.),.UNSPECIFIED.);
#39=B_SPLINE_SURFACE_WITH_KNOTS('',3,1,((#1607,#1608),(#1609,#1610),(#1611,
#1612),(#1613,#1614),(#1615,#1616),(#1617,#1618),(#1619,#1620),(#1621,#1622)),
 .UNSPECIFIED.,.F.,.F.,.F.,(4,1,1,1,1,4),(2,2),(0.,0.250608122344328,0.313648800075079,
0.595211446503906,0.667366099576759,1.),(0.,0.391200000000567),
 .UNSPECIFIED.);
#40=B_SPLINE_SURFACE_WITH_KNOTS('',3,1,((#1648,#1649),(#1650,#1651),(#1652,
#1653),(#1654,#1655),(#1656,#1657),(#1658,#1659),(#1660,#1661),(#1662,#1663)),
 .UNSPECIFIED.,.F.,.F.,.F.,(4,1,1,1,1,4),(2,2),(0.,0.250608122344328,0.313648800075079,
0.595211446503906,0.667366099576759,1.),(0.,0.391200000000577),
 .UNSPECIFIED.);
#41=OPEN_SHELL('',(#1059,#1060,#1061,#1062,#1063,#1064,#1065,#1066,#1067,
#1068,#1069,#1070,#1071,#1072,#1073,#1074,#1075,#1076,#1077,#1078,#1079,
#1080,#1081,#1082,#1083,#1084,#1085,#1086,#1087,#1088,#1089,#1090,#1091,
#1092,#1093,#1094,#1095,#1096,#1097,#1098,#1099,#1100,#1101));
#42=SHELL_BASED_SURFACE_MODEL('Cuerpo58',(#41));
#43=STYLED_ITEM('',(#1961),#45);
#44=STYLED_ITEM('',(#1960),#42);
#45=MANIFOLD_SOLID_BREP('Cuerpo57',#1102);
#46=PLANE('',#1119);
#47=PLANE('',#1120);
#48=PLANE('',#1125);
#49=PLANE('',#1126);
#50=PLANE('',#1130);
#51=PLANE('',#1133);
#52=PLANE('',#1134);
#53=PLANE('',#1135);
#54=PLANE('',#1136);
#55=PLANE('',#1137);
#56=PLANE('',#1138);
#57=PLANE('',#1139);
#58=PLANE('',#1140);
#59=PLANE('',#1144);
#60=PLANE('',#1146);
#61=PLANE('',#1148);
#62=PLANE('',#1150);
#63=PLANE('',#1151);
#64=PLANE('',#1152);
#65=PLANE('',#1153);
#66=PLANE('',#1154);
#67=PLANE('',#1155);
#68=PLANE('',#1159);
#69=PLANE('',#1162);
#70=PLANE('',#1173);
#71=PLANE('',#1177);
#72=PLANE('',#1178);
#73=PLANE('',#1179);
#74=PLANE('',#1180);
#75=PLANE('',#1184);
#76=PLANE('',#1190);
#77=PLANE('',#1197);
#78=PLANE('',#1200);
#79=PLANE('',#1201);
#80=PLANE('',#1204);
#81=PLANE('',#1205);
#82=PLANE('',#1206);
#83=FACE_OUTER_BOUND('',#142,.T.);
#84=FACE_OUTER_BOUND('',#143,.T.);
#85=FACE_OUTER_BOUND('',#144,.T.);
#86=FACE_OUTER_BOUND('',#145,.T.);
#87=FACE_OUTER_BOUND('',#146,.T.);
#88=FACE_OUTER_BOUND('',#147,.T.);
#89=FACE_OUTER_BOUND('',#148,.T.);
#90=FACE_OUTER_BOUND('',#149,.T.);
#91=FACE_OUTER_BOUND('',#150,.T.);
#92=FACE_OUTER_BOUND('',#151,.T.);
#93=FACE_OUTER_BOUND('',#152,.T.);
#94=FACE_OUTER_BOUND('',#153,.T.);
#95=FACE_OUTER_BOUND('',#154,.T.);
#96=FACE_OUTER_BOUND('',#155,.T.);
#97=FACE_OUTER_BOUND('',#156,.T.);
#98=FACE_OUTER_BOUND('',#157,.T.);
#99=FACE_OUTER_BOUND('',#158,.T.);
#100=FACE_OUTER_BOUND('',#159,.T.);
#101=FACE_OUTER_BOUND('',#160,.T.);
#102=FACE_OUTER_BOUND('',#161,.T.);
#103=FACE_OUTER_BOUND('',#162,.T.);
#104=FACE_OUTER_BOUND('',#163,.T.);
#105=FACE_OUTER_BOUND('',#164,.T.);
#106=FACE_OUTER_BOUND('',#165,.T.);
#107=FACE_OUTER_BOUND('',#166,.T.);
#108=FACE_OUTER_BOUND('',#167,.T.);
#109=FACE_OUTER_BOUND('',#168,.T.);
#110=FACE_OUTER_BOUND('',#169,.T.);
#111=FACE_OUTER_BOUND('',#170,.T.);
#112=FACE_OUTER_BOUND('',#171,.T.);
#113=FACE_OUTER_BOUND('',#172,.T.);
#114=FACE_OUTER_BOUND('',#173,.T.);
#115=FACE_OUTER_BOUND('',#174,.T.);
#116=FACE_OUTER_BOUND('',#175,.T.);
#117=FACE_OUTER_BOUND('',#176,.T.);
#118=FACE_OUTER_BOUND('',#177,.T.);
#119=FACE_OUTER_BOUND('',#178,.T.);
#120=FACE_OUTER_BOUND('',#179,.T.);
#121=FACE_OUTER_BOUND('',#180,.T.);
#122=FACE_OUTER_BOUND('',#181,.T.);
#123=FACE_OUTER_BOUND('',#182,.T.);
#124=FACE_OUTER_BOUND('',#183,.T.);
#125=FACE_OUTER_BOUND('',#184,.T.);
#126=FACE_OUTER_BOUND('',#185,.T.);
#127=FACE_OUTER_BOUND('',#186,.T.);
#128=FACE_OUTER_BOUND('',#187,.T.);
#129=FACE_OUTER_BOUND('',#188,.T.);
#130=FACE_OUTER_BOUND('',#189,.T.);
#131=FACE_OUTER_BOUND('',#190,.T.);
#132=FACE_OUTER_BOUND('',#191,.T.);
#133=FACE_OUTER_BOUND('',#192,.T.);
#134=FACE_OUTER_BOUND('',#193,.T.);
#135=FACE_OUTER_BOUND('',#194,.T.);
#136=FACE_OUTER_BOUND('',#195,.T.);
#137=FACE_OUTER_BOUND('',#200,.T.);
#138=FACE_OUTER_BOUND('',#201,.T.);
#139=FACE_OUTER_BOUND('',#202,.T.);
#140=FACE_OUTER_BOUND('',#203,.T.);
#141=FACE_OUTER_BOUND('',#208,.T.);
#142=EDGE_LOOP('',(#717,#718,#719,#720));
#143=EDGE_LOOP('',(#721,#722,#723,#724,#725,#726,#727,#728,#729,#730));
#144=EDGE_LOOP('',(#731,#732,#733,#734,#735,#736));
#145=EDGE_LOOP('',(#737,#738,#739,#740));
#146=EDGE_LOOP('',(#741,#742,#743,#744));
#147=EDGE_LOOP('',(#745,#746,#747,#748,#749,#750));
#148=EDGE_LOOP('',(#751,#752,#753,#754));
#149=EDGE_LOOP('',(#755,#756,#757,#758,#759,#760,#761,#762,#763,#764));
#150=EDGE_LOOP('',(#765,#766,#767,#768));
#151=EDGE_LOOP('',(#769,#770,#771,#772));
#152=EDGE_LOOP('',(#773,#774,#775,#776));
#153=EDGE_LOOP('',(#777,#778,#779,#780));
#154=EDGE_LOOP('',(#781,#782,#783,#784));
#155=EDGE_LOOP('',(#785,#786,#787,#788,#789,#790));
#156=EDGE_LOOP('',(#791,#792,#793,#794,#795,#796));
#157=EDGE_LOOP('',(#797,#798,#799,#800));
#158=EDGE_LOOP('',(#801,#802,#803,#804));
#159=EDGE_LOOP('',(#805,#806,#807,#808));
#160=EDGE_LOOP('',(#809,#810,#811,#812));
#161=EDGE_LOOP('',(#813,#814,#815,#816));
#162=EDGE_LOOP('',(#817,#818,#819,#820));
#163=EDGE_LOOP('',(#821,#822,#823,#824));
#164=EDGE_LOOP('',(#825,#826,#827,#828));
#165=EDGE_LOOP('',(#829,#830,#831,#832));
#166=EDGE_LOOP('',(#833,#834,#835,#836));
#167=EDGE_LOOP('',(#837,#838,#839,#840,#841,#842,#843,#844));
#168=EDGE_LOOP('',(#845,#846,#847,#848));
#169=EDGE_LOOP('',(#849,#850,#851,#852,#853,#854,#855,#856));
#170=EDGE_LOOP('',(#857,#858,#859,#860));
#171=EDGE_LOOP('',(#861,#862,#863,#864));
#172=EDGE_LOOP('',(#865,#866,#867,#868));
#173=EDGE_LOOP('',(#869,#870,#871,#872));
#174=EDGE_LOOP('',(#873,#874,#875,#876));
#175=EDGE_LOOP('',(#877,#878,#879,#880,#881,#882,#883,#884));
#176=EDGE_LOOP('',(#885,#886,#887,#888));
#177=EDGE_LOOP('',(#889,#890,#891,#892));
#178=EDGE_LOOP('',(#893,#894,#895,#896));
#179=EDGE_LOOP('',(#897,#898,#899,#900));
#180=EDGE_LOOP('',(#901,#902,#903,#904));
#181=EDGE_LOOP('',(#905,#906,#907,#908));
#182=EDGE_LOOP('',(#909,#910,#911,#912));
#183=EDGE_LOOP('',(#913,#914,#915,#916));
#184=EDGE_LOOP('',(#917,#918,#919,#920));
#185=EDGE_LOOP('',(#921,#922,#923,#924));
#186=EDGE_LOOP('',(#925,#926,#927,#928));
#187=EDGE_LOOP('',(#929,#930,#931,#932));
#188=EDGE_LOOP('',(#933,#934,#935,#936));
#189=EDGE_LOOP('',(#937,#938,#939,#940));
#190=EDGE_LOOP('',(#941,#942,#943,#944));
#191=EDGE_LOOP('',(#945,#946,#947,#948));
#192=EDGE_LOOP('',(#949,#950,#951,#952,#953,#954));
#193=EDGE_LOOP('',(#955,#956,#957,#958));
#194=EDGE_LOOP('',(#959,#960,#961,#962));
#195=EDGE_LOOP('',(#963,#964,#965,#966,#967,#968,#969,#970,#971,#972));
#196=EDGE_LOOP('',(#973));
#197=EDGE_LOOP('',(#974,#975,#976,#977));
#198=EDGE_LOOP('',(#978));
#199=EDGE_LOOP('',(#979,#980,#981,#982));
#200=EDGE_LOOP('',(#983,#984,#985,#986));
#201=EDGE_LOOP('',(#987,#988,#989,#990));
#202=EDGE_LOOP('',(#991,#992,#993,#994,#995,#996));
#203=EDGE_LOOP('',(#997,#998,#999,#1000,#1001,#1002,#1003,#1004,#1005,#1006));
#204=EDGE_LOOP('',(#1007,#1008,#1009,#1010));
#205=EDGE_LOOP('',(#1011));
#206=EDGE_LOOP('',(#1012,#1013,#1014,#1015));
#207=EDGE_LOOP('',(#1016));
#208=EDGE_LOOP('',(#1017,#1018,#1019,#1020,#1021,#1022,#1023,#1024));
#209=LINE('',#1509,#321);
#210=LINE('',#1512,#322);
#211=LINE('',#1515,#323);
#212=LINE('',#1517,#324);
#213=LINE('',#1519,#325);
#214=LINE('',#1521,#326);
#215=LINE('',#1523,#327);
#216=LINE('',#1525,#328);
#217=LINE('',#1527,#329);
#218=LINE('',#1529,#330);
#219=LINE('',#1530,#331);
#220=LINE('',#1533,#332);
#221=LINE('',#1537,#333);
#222=LINE('',#1538,#334);
#223=LINE('',#1544,#335);
#224=LINE('',#1547,#336);
#225=LINE('',#1549,#337);
#226=LINE('',#1550,#338);
#227=LINE('',#1553,#339);
#228=LINE('',#1555,#340);
#229=LINE('',#1561,#341);
#230=LINE('',#1562,#342);
#231=LINE('',#1565,#343);
#232=LINE('',#1567,#344);
#233=LINE('',#1569,#345);
#234=LINE('',#1571,#346);
#235=LINE('',#1573,#347);
#236=LINE('',#1574,#348);
#237=LINE('',#1575,#349);
#238=LINE('',#1580,#350);
#239=LINE('',#1582,#351);
#240=LINE('',#1583,#352);
#241=LINE('',#1585,#353);
#242=LINE('',#1588,#354);
#243=LINE('',#1593,#355);
#244=LINE('',#1595,#356);
#245=LINE('',#1597,#357);
#246=LINE('',#1598,#358);
#247=LINE('',#1602,#359);
#248=LINE('',#1605,#360);
#249=LINE('',#1625,#361);
#250=LINE('',#1646,#362);
#251=LINE('',#1647,#363);
#252=LINE('',#1675,#364);
#253=LINE('',#1685,#365);
#254=LINE('',#1689,#366);
#255=LINE('',#1691,#367);
#256=LINE('',#1692,#368);
#257=LINE('',#1694,#369);
#258=LINE('',#1695,#370);
#259=LINE('',#1699,#371);
#260=LINE('',#1700,#372);
#261=LINE('',#1701,#373);
#262=LINE('',#1704,#374);
#263=LINE('',#1705,#375);
#264=LINE('',#1708,#376);
#265=LINE('',#1709,#377);
#266=LINE('',#1711,#378);
#267=LINE('',#1715,#379);
#268=LINE('',#1717,#380);
#269=LINE('',#1719,#381);
#270=LINE('',#1720,#382);
#271=LINE('',#1746,#383);
#272=LINE('',#1762,#384);
#273=LINE('',#1766,#385);
#274=LINE('',#1768,#386);
#275=LINE('',#1770,#387);
#276=LINE('',#1771,#388);
#277=LINE('',#1777,#389);
#278=LINE('',#1780,#390);
#279=LINE('',#1788,#391);
#280=LINE('',#1790,#392);
#281=LINE('',#1793,#393);
#282=LINE('',#1794,#394);
#283=LINE('',#1800,#395);
#284=LINE('',#1803,#396);
#285=LINE('',#1808,#397);
#286=LINE('',#1812,#398);
#287=LINE('',#1816,#399);
#288=LINE('',#1818,#400);
#289=LINE('',#1819,#401);
#290=LINE('',#1824,#402);
#291=LINE('',#1828,#403);
#292=LINE('',#1830,#404);
#293=LINE('',#1831,#405);
#294=LINE('',#1834,#406);
#295=LINE('',#1836,#407);
#296=LINE('',#1837,#408);
#297=LINE('',#1840,#409);
#298=LINE('',#1842,#410);
#299=LINE('',#1843,#411);
#300=LINE('',#1846,#412);
#301=LINE('',#1848,#413);
#302=LINE('',#1849,#414);
#303=LINE('',#1854,#415);
#304=LINE('',#1858,#416);
#305=LINE('',#1860,#417);
#306=LINE('',#1861,#418);
#307=LINE('',#1868,#419);
#308=LINE('',#1870,#420);
#309=LINE('',#1879,#421);
#310=LINE('',#1881,#422);
#311=LINE('',#1882,#423);
#312=LINE('',#1907,#424);
#313=LINE('',#1923,#425);
#314=LINE('',#1926,#426);
#315=LINE('',#1927,#427);
#316=LINE('',#1930,#428);
#317=LINE('',#1931,#429);
#318=LINE('',#1935,#430);
#319=LINE('',#1937,#431);
#320=LINE('',#1939,#432);
#321=VECTOR('',#1213,10.);
#322=VECTOR('',#1216,10.);
#323=VECTOR('',#1219,10.);
#324=VECTOR('',#1220,10.);
#325=VECTOR('',#1221,10.);
#326=VECTOR('',#1222,10.);
#327=VECTOR('',#1223,10.);
#328=VECTOR('',#1224,10.);
#329=VECTOR('',#1225,10.);
#330=VECTOR('',#1226,10.);
#331=VECTOR('',#1227,10.);
#332=VECTOR('',#1230,10.);
#333=VECTOR('',#1233,10.);
#334=VECTOR('',#1234,10.);
#335=VECTOR('',#1241,10.);
#336=VECTOR('',#1244,10.);
#337=VECTOR('',#1245,10.);
#338=VECTOR('',#1246,10.);
#339=VECTOR('',#1249,10.);
#340=VECTOR('',#1250,10.);
#341=VECTOR('',#1257,10.);
#342=VECTOR('',#1258,10.);
#343=VECTOR('',#1261,10.);
#344=VECTOR('',#1262,10.);
#345=VECTOR('',#1263,10.);
#346=VECTOR('',#1264,10.);
#347=VECTOR('',#1265,10.);
#348=VECTOR('',#1266,10.);
#349=VECTOR('',#1267,10.);
#350=VECTOR('',#1276,10.);
#351=VECTOR('',#1279,10.);
#352=VECTOR('',#1280,10.);
#353=VECTOR('',#1283,10.);
#354=VECTOR('',#1288,10.);
#355=VECTOR('',#1293,1000.);
#356=VECTOR('',#1294,1000.);
#357=VECTOR('',#1295,1000.);
#358=VECTOR('',#1296,1000.);
#359=VECTOR('',#1299,1000.);
#360=VECTOR('',#1302,1000.);
#361=VECTOR('',#1305,1000.);
#362=VECTOR('',#1310,1000.);
#363=VECTOR('',#1311,1000.);
#364=VECTOR('',#1312,1000.);
#365=VECTOR('',#1313,1000.);
#366=VECTOR('',#1318,1000.);
#367=VECTOR('',#1321,1000.);
#368=VECTOR('',#1322,1000.);
#369=VECTOR('',#1325,1000.);
#370=VECTOR('',#1326,1000.);
#371=VECTOR('',#1329,1000.);
#372=VECTOR('',#1330,1000.);
#373=VECTOR('',#1331,1000.);
#374=VECTOR('',#1334,1000.);
#375=VECTOR('',#1335,1000.);
#376=VECTOR('',#1338,1000.);
#377=VECTOR('',#1339,1000.);
#378=VECTOR('',#1342,1000.);
#379=VECTOR('',#1345,10.);
#380=VECTOR('',#1346,10.);
#381=VECTOR('',#1347,10.);
#382=VECTOR('',#1348,1000.);
#383=VECTOR('',#1349,10.);
#384=VECTOR('',#1350,10.);
#385=VECTOR('',#1353,1000.);
#386=VECTOR('',#1354,1000.);
#387=VECTOR('',#1355,1000.);
#388=VECTOR('',#1356,1000.);
#389=VECTOR('',#1361,1000.);
#390=VECTOR('',#1364,1000.);
#391=VECTOR('',#1375,1000.);
#392=VECTOR('',#1376,10.);
#393=VECTOR('',#1379,10.);
#394=VECTOR('',#1380,1000.);
#395=VECTOR('',#1385,1000.);
#396=VECTOR('',#1388,1000.);
#397=VECTOR('',#1393,1.69999999999999);
#398=VECTOR('',#1398,1000.);
#399=VECTOR('',#1403,10.);
#400=VECTOR('',#1404,1000.);
#401=VECTOR('',#1405,10.);
#402=VECTOR('',#1410,1000.);
#403=VECTOR('',#1415,10.);
#404=VECTOR('',#1416,10.);
#405=VECTOR('',#1417,1000.);
#406=VECTOR('',#1420,10.);
#407=VECTOR('',#1421,10.);
#408=VECTOR('',#1422,1000.);
#409=VECTOR('',#1425,10.);
#410=VECTOR('',#1426,1000.);
#411=VECTOR('',#1427,10.);
#412=VECTOR('',#1430,10.);
#413=VECTOR('',#1431,10.);
#414=VECTOR('',#1432,1000.);
#415=VECTOR('',#1437,2.24999999999999);
#416=VECTOR('',#1442,10.);
#417=VECTOR('',#1443,1000.);
#418=VECTOR('',#1444,10.);
#419=VECTOR('',#1455,1000.);
#420=VECTOR('',#1458,1000.);
#421=VECTOR('',#1473,10.);
#422=VECTOR('',#1474,10.);
#423=VECTOR('',#1475,1000.);
#424=VECTOR('',#1476,10.);
#425=VECTOR('',#1481,10.);
#426=VECTOR('',#1484,10.);
#427=VECTOR('',#1485,1000.);
#428=VECTOR('',#1488,1000.);
#429=VECTOR('',#1489,1000.);
#430=VECTOR('',#1494,10.);
#431=VECTOR('',#1497,1000.);
#432=VECTOR('',#1500,1000.);
#433=CIRCLE('',#1117,4.);
#434=CIRCLE('',#1118,4.);
#435=CIRCLE('',#1121,4.);
#436=CIRCLE('',#1123,4.);
#437=CIRCLE('',#1124,4.);
#438=CIRCLE('',#1127,4.);
#439=CIRCLE('',#1129,4.);
#440=CIRCLE('',#1132,4.);
#441=CIRCLE('',#1142,6.52);
#442=CIRCLE('',#1143,6.52);
#443=CIRCLE('',#1145,3.26);
#444=CIRCLE('',#1147,3.26);
#445=CIRCLE('',#1157,2.25);
#446=CIRCLE('',#1158,2.25);
#447=CIRCLE('',#1160,3.26000000000008);
#448=CIRCLE('',#1161,6.52000000000008);
#449=CIRCLE('',#1163,3.26);
#450=CIRCLE('',#1164,6.52);
#451=CIRCLE('',#1166,1.70000000000001);
#452=CIRCLE('',#1167,1.70000000000001);
#453=CIRCLE('',#1172,3.26000000000008);
#454=CIRCLE('',#1186,1.70000000000001);
#455=CIRCLE('',#1187,1.70000000000001);
#456=CIRCLE('',#1189,6.52000000000008);
#457=CIRCLE('',#1192,2.25);
#458=CIRCLE('',#1193,2.25);
#459=CIRCLE('',#1199,6.52);
#460=CIRCLE('',#1203,3.26);
#461=VERTEX_POINT('',#1505);
#462=VERTEX_POINT('',#1506);
#463=VERTEX_POINT('',#1508);
#464=VERTEX_POINT('',#1510);
#465=VERTEX_POINT('',#1514);
#466=VERTEX_POINT('',#1516);
#467=VERTEX_POINT('',#1518);
#468=VERTEX_POINT('',#1520);
#469=VERTEX_POINT('',#1522);
#470=VERTEX_POINT('',#1524);
#471=VERTEX_POINT('',#1526);
#472=VERTEX_POINT('',#1528);
#473=VERTEX_POINT('',#1532);
#474=VERTEX_POINT('',#1534);
#475=VERTEX_POINT('',#1536);
#476=VERTEX_POINT('',#1540);
#477=VERTEX_POINT('',#1542);
#478=VERTEX_POINT('',#1546);
#479=VERTEX_POINT('',#1548);
#480=VERTEX_POINT('',#1552);
#481=VERTEX_POINT('',#1554);
#482=VERTEX_POINT('',#1558);
#483=VERTEX_POINT('',#1559);
#484=VERTEX_POINT('',#1564);
#485=VERTEX_POINT('',#1566);
#486=VERTEX_POINT('',#1568);
#487=VERTEX_POINT('',#1570);
#488=VERTEX_POINT('',#1572);
#489=VERTEX_POINT('',#1591);
#490=VERTEX_POINT('',#1592);
#491=VERTEX_POINT('',#1594);
#492=VERTEX_POINT('',#1596);
#493=VERTEX_POINT('',#1600);
#494=VERTEX_POINT('',#1601);
#495=VERTEX_POINT('',#1603);
#496=VERTEX_POINT('',#1623);
#497=VERTEX_POINT('',#1624);
#498=VERTEX_POINT('',#1643);
#499=VERTEX_POINT('',#1644);
#500=VERTEX_POINT('',#1664);
#501=VERTEX_POINT('',#1665);
#502=VERTEX_POINT('',#1674);
#503=VERTEX_POINT('',#1676);
#504=VERTEX_POINT('',#1687);
#505=VERTEX_POINT('',#1697);
#506=VERTEX_POINT('',#1698);
#507=VERTEX_POINT('',#1703);
#508=VERTEX_POINT('',#1707);
#509=VERTEX_POINT('',#1713);
#510=VERTEX_POINT('',#1714);
#511=VERTEX_POINT('',#1716);
#512=VERTEX_POINT('',#1718);
#513=VERTEX_POINT('',#1731);
#514=VERTEX_POINT('',#1732);
#515=VERTEX_POINT('',#1745);
#516=VERTEX_POINT('',#1747);
#517=VERTEX_POINT('',#1764);
#518=VERTEX_POINT('',#1765);
#519=VERTEX_POINT('',#1767);
#520=VERTEX_POINT('',#1769);
#521=VERTEX_POINT('',#1773);
#522=VERTEX_POINT('',#1774);
#523=VERTEX_POINT('',#1776);
#524=VERTEX_POINT('',#1778);
#525=VERTEX_POINT('',#1785);
#526=VERTEX_POINT('',#1786);
#527=VERTEX_POINT('',#1789);
#528=VERTEX_POINT('',#1791);
#529=VERTEX_POINT('',#1796);
#530=VERTEX_POINT('',#1797);
#531=VERTEX_POINT('',#1799);
#532=VERTEX_POINT('',#1801);
#533=VERTEX_POINT('',#1805);
#534=VERTEX_POINT('',#1807);
#535=VERTEX_POINT('',#1811);
#536=VERTEX_POINT('',#1815);
#537=VERTEX_POINT('',#1817);
#538=VERTEX_POINT('',#1821);
#539=VERTEX_POINT('',#1823);
#540=VERTEX_POINT('',#1827);
#541=VERTEX_POINT('',#1829);
#542=VERTEX_POINT('',#1833);
#543=VERTEX_POINT('',#1835);
#544=VERTEX_POINT('',#1839);
#545=VERTEX_POINT('',#1841);
#546=VERTEX_POINT('',#1845);
#547=VERTEX_POINT('',#1847);
#548=VERTEX_POINT('',#1851);
#549=VERTEX_POINT('',#1853);
#550=VERTEX_POINT('',#1857);
#551=VERTEX_POINT('',#1859);
#552=VERTEX_POINT('',#1866);
#553=VERTEX_POINT('',#1878);
#554=VERTEX_POINT('',#1880);
#555=VERTEX_POINT('',#1893);
#556=VERTEX_POINT('',#1906);
#557=VERTEX_POINT('',#1921);
#558=VERTEX_POINT('',#1925);
#559=VERTEX_POINT('',#1929);
#560=VERTEX_POINT('',#1933);
#561=EDGE_CURVE('',#461,#462,#433,.T.);
#562=EDGE_CURVE('',#462,#463,#209,.T.);
#563=EDGE_CURVE('',#463,#464,#434,.T.);
#564=EDGE_CURVE('',#464,#461,#210,.T.);
#565=EDGE_CURVE('',#464,#465,#211,.T.);
#566=EDGE_CURVE('',#465,#466,#212,.T.);
#567=EDGE_CURVE('',#466,#467,#213,.T.);
#568=EDGE_CURVE('',#468,#467,#214,.T.);
#569=EDGE_CURVE('',#468,#469,#215,.T.);
#570=EDGE_CURVE('',#470,#469,#216,.T.);
#571=EDGE_CURVE('',#471,#470,#217,.T.);
#572=EDGE_CURVE('',#471,#472,#218,.T.);
#573=EDGE_CURVE('',#461,#472,#219,.T.);
#574=EDGE_CURVE('',#473,#463,#220,.T.);
#575=EDGE_CURVE('',#474,#473,#435,.T.);
#576=EDGE_CURVE('',#475,#474,#221,.T.);
#577=EDGE_CURVE('',#475,#465,#222,.T.);
#578=EDGE_CURVE('',#476,#468,#436,.T.);
#579=EDGE_CURVE('',#467,#477,#437,.T.);
#580=EDGE_CURVE('',#477,#476,#223,.T.);
#581=EDGE_CURVE('',#477,#478,#224,.T.);
#582=EDGE_CURVE('',#479,#478,#225,.T.);
#583=EDGE_CURVE('',#476,#479,#226,.T.);
#584=EDGE_CURVE('',#466,#480,#227,.T.);
#585=EDGE_CURVE('',#481,#480,#228,.T.);
#586=EDGE_CURVE('',#478,#481,#438,.T.);
#587=EDGE_CURVE('',#482,#483,#439,.T.);
#588=EDGE_CURVE('',#483,#474,#229,.T.);
#589=EDGE_CURVE('',#473,#482,#230,.T.);
#590=EDGE_CURVE('',#484,#483,#231,.T.);
#591=EDGE_CURVE('',#485,#484,#232,.T.);
#592=EDGE_CURVE('',#485,#486,#233,.T.);
#593=EDGE_CURVE('',#487,#486,#234,.T.);
#594=EDGE_CURVE('',#488,#487,#235,.T.);
#595=EDGE_CURVE('',#481,#488,#236,.T.);
#596=EDGE_CURVE('',#480,#475,#237,.T.);
#597=EDGE_CURVE('',#488,#479,#440,.T.);
#598=EDGE_CURVE('',#482,#462,#238,.F.);
#599=EDGE_CURVE('',#485,#471,#239,.T.);
#600=EDGE_CURVE('',#486,#470,#240,.T.);
#601=EDGE_CURVE('',#469,#487,#241,.T.);
#602=EDGE_CURVE('',#472,#484,#242,.T.);
#603=EDGE_CURVE('',#489,#490,#243,.T.);
#604=EDGE_CURVE('',#489,#491,#244,.T.);
#605=EDGE_CURVE('',#491,#492,#245,.T.);
#606=EDGE_CURVE('',#492,#490,#246,.T.);
#607=EDGE_CURVE('',#493,#494,#247,.T.);
#608=EDGE_CURVE('',#495,#493,#441,.T.);
#609=EDGE_CURVE('',#495,#490,#248,.T.);
#610=EDGE_CURVE('',#494,#490,#442,.T.);
#611=EDGE_CURVE('',#496,#497,#249,.T.);
#612=EDGE_CURVE('',#491,#497,#31,.T.);
#613=EDGE_CURVE('',#496,#489,#32,.T.);
#614=EDGE_CURVE('',#498,#499,#443,.T.);
#615=EDGE_CURVE('',#498,#495,#250,.T.);
#616=EDGE_CURVE('',#499,#493,#251,.T.);
#617=EDGE_CURVE('',#500,#501,#33,.T.);
#618=EDGE_CURVE('',#501,#502,#252,.T.);
#619=EDGE_CURVE('',#502,#503,#34,.T.);
#620=EDGE_CURVE('',#500,#503,#253,.T.);
#621=EDGE_CURVE('',#504,#492,#444,.T.);
#622=EDGE_CURVE('',#504,#494,#254,.T.);
#623=EDGE_CURVE('',#495,#501,#255,.T.);
#624=EDGE_CURVE('',#498,#502,#256,.T.);
#625=EDGE_CURVE('',#499,#504,#257,.T.);
#626=EDGE_CURVE('',#492,#498,#258,.T.);
#627=EDGE_CURVE('',#505,#506,#259,.T.);
#628=EDGE_CURVE('',#497,#505,#260,.T.);
#629=EDGE_CURVE('',#506,#496,#261,.T.);
#630=EDGE_CURVE('',#507,#505,#262,.T.);
#631=EDGE_CURVE('',#503,#507,#263,.T.);
#632=EDGE_CURVE('',#507,#508,#264,.T.);
#633=EDGE_CURVE('',#508,#500,#265,.T.);
#634=EDGE_CURVE('',#508,#506,#266,.T.);
#635=EDGE_CURVE('',#509,#510,#267,.F.);
#636=EDGE_CURVE('',#509,#511,#268,.T.);
#637=EDGE_CURVE('',#511,#512,#269,.F.);
#638=EDGE_CURVE('',#512,#510,#270,.T.);
#639=EDGE_CURVE('',#513,#514,#35,.T.);
#640=EDGE_CURVE('',#515,#513,#271,.T.);
#641=EDGE_CURVE('',#516,#515,#36,.T.);
#642=EDGE_CURVE('',#514,#516,#272,.T.);
#643=EDGE_CURVE('',#517,#518,#273,.T.);
#644=EDGE_CURVE('',#517,#519,#274,.T.);
#645=EDGE_CURVE('',#519,#520,#275,.T.);
#646=EDGE_CURVE('',#520,#518,#276,.T.);
#647=EDGE_CURVE('',#521,#522,#445,.F.);
#648=EDGE_CURVE('',#523,#522,#277,.T.);
#649=EDGE_CURVE('',#523,#524,#446,.T.);
#650=EDGE_CURVE('',#521,#524,#278,.T.);
#651=EDGE_CURVE('',#505,#520,#447,.T.);
#652=EDGE_CURVE('',#506,#518,#448,.T.);
#653=EDGE_CURVE('',#525,#526,#449,.T.);
#654=EDGE_CURVE('',#515,#525,#279,.T.);
#655=EDGE_CURVE('',#513,#527,#280,.T.);
#656=EDGE_CURVE('',#528,#527,#450,.T.);
#657=EDGE_CURVE('',#519,#528,#281,.T.);
#658=EDGE_CURVE('',#526,#517,#282,.T.);
#659=EDGE_CURVE('',#529,#530,#451,.F.);
#660=EDGE_CURVE('',#531,#530,#283,.T.);
#661=EDGE_CURVE('',#531,#532,#452,.T.);
#662=EDGE_CURVE('',#529,#532,#284,.T.);
#663=EDGE_CURVE('',#533,#533,#21,.F.);
#664=EDGE_CURVE('',#533,#534,#285,.T.);
#665=EDGE_CURVE('',#534,#534,#22,.F.);
#666=EDGE_CURVE('',#520,#535,#286,.T.);
#667=EDGE_CURVE('',#535,#507,#453,.T.);
#668=EDGE_CURVE('',#530,#536,#287,.F.);
#669=EDGE_CURVE('',#536,#537,#288,.T.);
#670=EDGE_CURVE('',#537,#531,#289,.T.);
#671=EDGE_CURVE('',#512,#538,#23,.F.);
#672=EDGE_CURVE('',#538,#539,#290,.T.);
#673=EDGE_CURVE('',#510,#539,#24,.F.);
#674=EDGE_CURVE('',#540,#514,#291,.F.);
#675=EDGE_CURVE('',#541,#516,#292,.F.);
#676=EDGE_CURVE('',#540,#541,#293,.T.);
#677=EDGE_CURVE('',#542,#529,#294,.F.);
#678=EDGE_CURVE('',#543,#532,#295,.F.);
#679=EDGE_CURVE('',#543,#542,#296,.T.);
#680=EDGE_CURVE('',#538,#544,#297,.F.);
#681=EDGE_CURVE('',#544,#545,#298,.T.);
#682=EDGE_CURVE('',#539,#545,#299,.F.);
#683=EDGE_CURVE('',#546,#521,#300,.F.);
#684=EDGE_CURVE('',#547,#524,#301,.F.);
#685=EDGE_CURVE('',#547,#546,#302,.T.);
#686=EDGE_CURVE('',#548,#548,#25,.F.);
#687=EDGE_CURVE('',#548,#549,#303,.T.);
#688=EDGE_CURVE('',#549,#549,#26,.F.);
#689=EDGE_CURVE('',#522,#550,#304,.F.);
#690=EDGE_CURVE('',#550,#551,#305,.T.);
#691=EDGE_CURVE('',#523,#551,#306,.F.);
#692=EDGE_CURVE('',#536,#542,#454,.F.);
#693=EDGE_CURVE('',#543,#537,#455,.T.);
#694=EDGE_CURVE('',#552,#508,#456,.T.);
#695=EDGE_CURVE('',#552,#518,#307,.T.);
#696=EDGE_CURVE('',#535,#552,#308,.T.);
#697=EDGE_CURVE('',#550,#546,#457,.F.);
#698=EDGE_CURVE('',#547,#551,#458,.T.);
#699=EDGE_CURVE('',#544,#540,#27,.F.);
#700=EDGE_CURVE('',#545,#541,#28,.F.);
#701=EDGE_CURVE('',#553,#528,#309,.T.);
#702=EDGE_CURVE('',#553,#554,#310,.T.);
#703=EDGE_CURVE('',#535,#554,#311,.T.);
#704=EDGE_CURVE('',#555,#509,#37,.T.);
#705=EDGE_CURVE('',#556,#555,#312,.T.);
#706=EDGE_CURVE('',#511,#556,#38,.T.);
#707=EDGE_CURVE('',#557,#553,#459,.T.);
#708=EDGE_CURVE('',#527,#557,#313,.T.);
#709=EDGE_CURVE('',#558,#525,#314,.T.);
#710=EDGE_CURVE('',#558,#555,#315,.T.);
#711=EDGE_CURVE('',#559,#554,#316,.T.);
#712=EDGE_CURVE('',#552,#559,#317,.T.);
#713=EDGE_CURVE('',#560,#558,#460,.T.);
#714=EDGE_CURVE('',#526,#560,#318,.T.);
#715=EDGE_CURVE('',#559,#560,#319,.T.);
#716=EDGE_CURVE('',#557,#556,#320,.T.);
#717=ORIENTED_EDGE('',*,*,#561,.T.);
#718=ORIENTED_EDGE('',*,*,#562,.T.);
#719=ORIENTED_EDGE('',*,*,#563,.T.);
#720=ORIENTED_EDGE('',*,*,#564,.T.);
#721=ORIENTED_EDGE('',*,*,#564,.F.);
#722=ORIENTED_EDGE('',*,*,#565,.T.);
#723=ORIENTED_EDGE('',*,*,#566,.T.);
#724=ORIENTED_EDGE('',*,*,#567,.T.);
#725=ORIENTED_EDGE('',*,*,#568,.F.);
#726=ORIENTED_EDGE('',*,*,#569,.T.);
#727=ORIENTED_EDGE('',*,*,#570,.F.);
#728=ORIENTED_EDGE('',*,*,#571,.F.);
#729=ORIENTED_EDGE('',*,*,#572,.T.);
#730=ORIENTED_EDGE('',*,*,#573,.F.);
#731=ORIENTED_EDGE('',*,*,#563,.F.);
#732=ORIENTED_EDGE('',*,*,#574,.F.);
#733=ORIENTED_EDGE('',*,*,#575,.F.);
#734=ORIENTED_EDGE('',*,*,#576,.F.);
#735=ORIENTED_EDGE('',*,*,#577,.T.);
#736=ORIENTED_EDGE('',*,*,#565,.F.);
#737=ORIENTED_EDGE('',*,*,#578,.T.);
#738=ORIENTED_EDGE('',*,*,#568,.T.);
#739=ORIENTED_EDGE('',*,*,#579,.T.);
#740=ORIENTED_EDGE('',*,*,#580,.T.);
#741=ORIENTED_EDGE('',*,*,#580,.F.);
#742=ORIENTED_EDGE('',*,*,#581,.T.);
#743=ORIENTED_EDGE('',*,*,#582,.F.);
#744=ORIENTED_EDGE('',*,*,#583,.F.);
#745=ORIENTED_EDGE('',*,*,#579,.F.);
#746=ORIENTED_EDGE('',*,*,#567,.F.);
#747=ORIENTED_EDGE('',*,*,#584,.T.);
#748=ORIENTED_EDGE('',*,*,#585,.F.);
#749=ORIENTED_EDGE('',*,*,#586,.F.);
#750=ORIENTED_EDGE('',*,*,#581,.F.);
#751=ORIENTED_EDGE('',*,*,#587,.T.);
#752=ORIENTED_EDGE('',*,*,#588,.T.);
#753=ORIENTED_EDGE('',*,*,#575,.T.);
#754=ORIENTED_EDGE('',*,*,#589,.T.);
#755=ORIENTED_EDGE('',*,*,#588,.F.);
#756=ORIENTED_EDGE('',*,*,#590,.F.);
#757=ORIENTED_EDGE('',*,*,#591,.F.);
#758=ORIENTED_EDGE('',*,*,#592,.T.);
#759=ORIENTED_EDGE('',*,*,#593,.F.);
#760=ORIENTED_EDGE('',*,*,#594,.F.);
#761=ORIENTED_EDGE('',*,*,#595,.F.);
#762=ORIENTED_EDGE('',*,*,#585,.T.);
#763=ORIENTED_EDGE('',*,*,#596,.T.);
#764=ORIENTED_EDGE('',*,*,#576,.T.);
#765=ORIENTED_EDGE('',*,*,#597,.T.);
#766=ORIENTED_EDGE('',*,*,#582,.T.);
#767=ORIENTED_EDGE('',*,*,#586,.T.);
#768=ORIENTED_EDGE('',*,*,#595,.T.);
#769=ORIENTED_EDGE('',*,*,#577,.F.);
#770=ORIENTED_EDGE('',*,*,#596,.F.);
#771=ORIENTED_EDGE('',*,*,#584,.F.);
#772=ORIENTED_EDGE('',*,*,#566,.F.);
#773=ORIENTED_EDGE('',*,*,#562,.F.);
#774=ORIENTED_EDGE('',*,*,#598,.F.);
#775=ORIENTED_EDGE('',*,*,#589,.F.);
#776=ORIENTED_EDGE('',*,*,#574,.T.);
#777=ORIENTED_EDGE('',*,*,#599,.T.);
#778=ORIENTED_EDGE('',*,*,#571,.T.);
#779=ORIENTED_EDGE('',*,*,#600,.F.);
#780=ORIENTED_EDGE('',*,*,#592,.F.);
#781=ORIENTED_EDGE('',*,*,#600,.T.);
#782=ORIENTED_EDGE('',*,*,#570,.T.);
#783=ORIENTED_EDGE('',*,*,#601,.T.);
#784=ORIENTED_EDGE('',*,*,#593,.T.);
#785=ORIENTED_EDGE('',*,*,#578,.F.);
#786=ORIENTED_EDGE('',*,*,#583,.T.);
#787=ORIENTED_EDGE('',*,*,#597,.F.);
#788=ORIENTED_EDGE('',*,*,#594,.T.);
#789=ORIENTED_EDGE('',*,*,#601,.F.);
#790=ORIENTED_EDGE('',*,*,#569,.F.);
#791=ORIENTED_EDGE('',*,*,#561,.F.);
#792=ORIENTED_EDGE('',*,*,#573,.T.);
#793=ORIENTED_EDGE('',*,*,#602,.T.);
#794=ORIENTED_EDGE('',*,*,#590,.T.);
#795=ORIENTED_EDGE('',*,*,#587,.F.);
#796=ORIENTED_EDGE('',*,*,#598,.T.);
#797=ORIENTED_EDGE('',*,*,#599,.F.);
#798=ORIENTED_EDGE('',*,*,#591,.T.);
#799=ORIENTED_EDGE('',*,*,#602,.F.);
#800=ORIENTED_EDGE('',*,*,#572,.F.);
#801=ORIENTED_EDGE('',*,*,#603,.F.);
#802=ORIENTED_EDGE('',*,*,#604,.T.);
#803=ORIENTED_EDGE('',*,*,#605,.T.);
#804=ORIENTED_EDGE('',*,*,#606,.T.);
#805=ORIENTED_EDGE('',*,*,#607,.F.);
#806=ORIENTED_EDGE('',*,*,#608,.F.);
#807=ORIENTED_EDGE('',*,*,#609,.T.);
#808=ORIENTED_EDGE('',*,*,#610,.F.);
#809=ORIENTED_EDGE('',*,*,#611,.T.);
#810=ORIENTED_EDGE('',*,*,#612,.F.);
#811=ORIENTED_EDGE('',*,*,#604,.F.);
#812=ORIENTED_EDGE('',*,*,#613,.F.);
#813=ORIENTED_EDGE('',*,*,#614,.F.);
#814=ORIENTED_EDGE('',*,*,#615,.T.);
#815=ORIENTED_EDGE('',*,*,#608,.T.);
#816=ORIENTED_EDGE('',*,*,#616,.F.);
#817=ORIENTED_EDGE('',*,*,#617,.T.);
#818=ORIENTED_EDGE('',*,*,#618,.T.);
#819=ORIENTED_EDGE('',*,*,#619,.T.);
#820=ORIENTED_EDGE('',*,*,#620,.F.);
#821=ORIENTED_EDGE('',*,*,#606,.F.);
#822=ORIENTED_EDGE('',*,*,#621,.F.);
#823=ORIENTED_EDGE('',*,*,#622,.T.);
#824=ORIENTED_EDGE('',*,*,#610,.T.);
#825=ORIENTED_EDGE('',*,*,#618,.F.);
#826=ORIENTED_EDGE('',*,*,#623,.F.);
#827=ORIENTED_EDGE('',*,*,#615,.F.);
#828=ORIENTED_EDGE('',*,*,#624,.T.);
#829=ORIENTED_EDGE('',*,*,#625,.T.);
#830=ORIENTED_EDGE('',*,*,#621,.T.);
#831=ORIENTED_EDGE('',*,*,#626,.T.);
#832=ORIENTED_EDGE('',*,*,#614,.T.);
#833=ORIENTED_EDGE('',*,*,#627,.F.);
#834=ORIENTED_EDGE('',*,*,#628,.F.);
#835=ORIENTED_EDGE('',*,*,#611,.F.);
#836=ORIENTED_EDGE('',*,*,#629,.F.);
#837=ORIENTED_EDGE('',*,*,#628,.T.);
#838=ORIENTED_EDGE('',*,*,#630,.F.);
#839=ORIENTED_EDGE('',*,*,#631,.F.);
#840=ORIENTED_EDGE('',*,*,#619,.F.);
#841=ORIENTED_EDGE('',*,*,#624,.F.);
#842=ORIENTED_EDGE('',*,*,#626,.F.);
#843=ORIENTED_EDGE('',*,*,#605,.F.);
#844=ORIENTED_EDGE('',*,*,#612,.T.);
#845=ORIENTED_EDGE('',*,*,#632,.T.);
#846=ORIENTED_EDGE('',*,*,#633,.T.);
#847=ORIENTED_EDGE('',*,*,#620,.T.);
#848=ORIENTED_EDGE('',*,*,#631,.T.);
#849=ORIENTED_EDGE('',*,*,#634,.T.);
#850=ORIENTED_EDGE('',*,*,#629,.T.);
#851=ORIENTED_EDGE('',*,*,#613,.T.);
#852=ORIENTED_EDGE('',*,*,#603,.T.);
#853=ORIENTED_EDGE('',*,*,#609,.F.);
#854=ORIENTED_EDGE('',*,*,#623,.T.);
#855=ORIENTED_EDGE('',*,*,#617,.F.);
#856=ORIENTED_EDGE('',*,*,#633,.F.);
#857=ORIENTED_EDGE('',*,*,#635,.F.);
#858=ORIENTED_EDGE('',*,*,#636,.T.);
#859=ORIENTED_EDGE('',*,*,#637,.T.);
#860=ORIENTED_EDGE('',*,*,#638,.T.);
#861=ORIENTED_EDGE('',*,*,#639,.F.);
#862=ORIENTED_EDGE('',*,*,#640,.F.);
#863=ORIENTED_EDGE('',*,*,#641,.F.);
#864=ORIENTED_EDGE('',*,*,#642,.F.);
#865=ORIENTED_EDGE('',*,*,#643,.F.);
#866=ORIENTED_EDGE('',*,*,#644,.T.);
#867=ORIENTED_EDGE('',*,*,#645,.T.);
#868=ORIENTED_EDGE('',*,*,#646,.T.);
#869=ORIENTED_EDGE('',*,*,#647,.T.);
#870=ORIENTED_EDGE('',*,*,#648,.F.);
#871=ORIENTED_EDGE('',*,*,#649,.T.);
#872=ORIENTED_EDGE('',*,*,#650,.F.);
#873=ORIENTED_EDGE('',*,*,#646,.F.);
#874=ORIENTED_EDGE('',*,*,#651,.F.);
#875=ORIENTED_EDGE('',*,*,#627,.T.);
#876=ORIENTED_EDGE('',*,*,#652,.T.);
#877=ORIENTED_EDGE('',*,*,#653,.F.);
#878=ORIENTED_EDGE('',*,*,#654,.F.);
#879=ORIENTED_EDGE('',*,*,#640,.T.);
#880=ORIENTED_EDGE('',*,*,#655,.T.);
#881=ORIENTED_EDGE('',*,*,#656,.F.);
#882=ORIENTED_EDGE('',*,*,#657,.F.);
#883=ORIENTED_EDGE('',*,*,#644,.F.);
#884=ORIENTED_EDGE('',*,*,#658,.F.);
#885=ORIENTED_EDGE('',*,*,#659,.T.);
#886=ORIENTED_EDGE('',*,*,#660,.F.);
#887=ORIENTED_EDGE('',*,*,#661,.T.);
#888=ORIENTED_EDGE('',*,*,#662,.F.);
#889=ORIENTED_EDGE('',*,*,#663,.F.);
#890=ORIENTED_EDGE('',*,*,#664,.T.);
#891=ORIENTED_EDGE('',*,*,#665,.T.);
#892=ORIENTED_EDGE('',*,*,#664,.F.);
#893=ORIENTED_EDGE('',*,*,#630,.T.);
#894=ORIENTED_EDGE('',*,*,#651,.T.);
#895=ORIENTED_EDGE('',*,*,#666,.T.);
#896=ORIENTED_EDGE('',*,*,#667,.T.);
#897=ORIENTED_EDGE('',*,*,#660,.T.);
#898=ORIENTED_EDGE('',*,*,#668,.T.);
#899=ORIENTED_EDGE('',*,*,#669,.T.);
#900=ORIENTED_EDGE('',*,*,#670,.T.);
#901=ORIENTED_EDGE('',*,*,#638,.F.);
#902=ORIENTED_EDGE('',*,*,#671,.T.);
#903=ORIENTED_EDGE('',*,*,#672,.T.);
#904=ORIENTED_EDGE('',*,*,#673,.F.);
#905=ORIENTED_EDGE('',*,*,#674,.T.);
#906=ORIENTED_EDGE('',*,*,#642,.T.);
#907=ORIENTED_EDGE('',*,*,#675,.F.);
#908=ORIENTED_EDGE('',*,*,#676,.F.);
#909=ORIENTED_EDGE('',*,*,#677,.T.);
#910=ORIENTED_EDGE('',*,*,#662,.T.);
#911=ORIENTED_EDGE('',*,*,#678,.F.);
#912=ORIENTED_EDGE('',*,*,#679,.T.);
#913=ORIENTED_EDGE('',*,*,#672,.F.);
#914=ORIENTED_EDGE('',*,*,#680,.T.);
#915=ORIENTED_EDGE('',*,*,#681,.T.);
#916=ORIENTED_EDGE('',*,*,#682,.F.);
#917=ORIENTED_EDGE('',*,*,#683,.T.);
#918=ORIENTED_EDGE('',*,*,#650,.T.);
#919=ORIENTED_EDGE('',*,*,#684,.F.);
#920=ORIENTED_EDGE('',*,*,#685,.T.);
#921=ORIENTED_EDGE('',*,*,#686,.F.);
#922=ORIENTED_EDGE('',*,*,#687,.T.);
#923=ORIENTED_EDGE('',*,*,#688,.T.);
#924=ORIENTED_EDGE('',*,*,#687,.F.);
#925=ORIENTED_EDGE('',*,*,#689,.T.);
#926=ORIENTED_EDGE('',*,*,#690,.T.);
#927=ORIENTED_EDGE('',*,*,#691,.F.);
#928=ORIENTED_EDGE('',*,*,#648,.T.);
#929=ORIENTED_EDGE('',*,*,#692,.T.);
#930=ORIENTED_EDGE('',*,*,#679,.F.);
#931=ORIENTED_EDGE('',*,*,#693,.T.);
#932=ORIENTED_EDGE('',*,*,#669,.F.);
#933=ORIENTED_EDGE('',*,*,#634,.F.);
#934=ORIENTED_EDGE('',*,*,#694,.F.);
#935=ORIENTED_EDGE('',*,*,#695,.T.);
#936=ORIENTED_EDGE('',*,*,#652,.F.);
#937=ORIENTED_EDGE('',*,*,#667,.F.);
#938=ORIENTED_EDGE('',*,*,#696,.T.);
#939=ORIENTED_EDGE('',*,*,#694,.T.);
#940=ORIENTED_EDGE('',*,*,#632,.F.);
#941=ORIENTED_EDGE('',*,*,#697,.T.);
#942=ORIENTED_EDGE('',*,*,#685,.F.);
#943=ORIENTED_EDGE('',*,*,#698,.T.);
#944=ORIENTED_EDGE('',*,*,#690,.F.);
#945=ORIENTED_EDGE('',*,*,#681,.F.);
#946=ORIENTED_EDGE('',*,*,#699,.T.);
#947=ORIENTED_EDGE('',*,*,#676,.T.);
#948=ORIENTED_EDGE('',*,*,#700,.F.);
#949=ORIENTED_EDGE('',*,*,#701,.F.);
#950=ORIENTED_EDGE('',*,*,#702,.T.);
#951=ORIENTED_EDGE('',*,*,#703,.F.);
#952=ORIENTED_EDGE('',*,*,#666,.F.);
#953=ORIENTED_EDGE('',*,*,#645,.F.);
#954=ORIENTED_EDGE('',*,*,#657,.T.);
#955=ORIENTED_EDGE('',*,*,#704,.F.);
#956=ORIENTED_EDGE('',*,*,#705,.F.);
#957=ORIENTED_EDGE('',*,*,#706,.F.);
#958=ORIENTED_EDGE('',*,*,#636,.F.);
#959=ORIENTED_EDGE('',*,*,#707,.T.);
#960=ORIENTED_EDGE('',*,*,#701,.T.);
#961=ORIENTED_EDGE('',*,*,#656,.T.);
#962=ORIENTED_EDGE('',*,*,#708,.T.);
#963=ORIENTED_EDGE('',*,*,#709,.F.);
#964=ORIENTED_EDGE('',*,*,#710,.T.);
#965=ORIENTED_EDGE('',*,*,#704,.T.);
#966=ORIENTED_EDGE('',*,*,#635,.T.);
#967=ORIENTED_EDGE('',*,*,#673,.T.);
#968=ORIENTED_EDGE('',*,*,#682,.T.);
#969=ORIENTED_EDGE('',*,*,#700,.T.);
#970=ORIENTED_EDGE('',*,*,#675,.T.);
#971=ORIENTED_EDGE('',*,*,#641,.T.);
#972=ORIENTED_EDGE('',*,*,#654,.T.);
#973=ORIENTED_EDGE('',*,*,#686,.T.);
#974=ORIENTED_EDGE('',*,*,#649,.F.);
#975=ORIENTED_EDGE('',*,*,#691,.T.);
#976=ORIENTED_EDGE('',*,*,#698,.F.);
#977=ORIENTED_EDGE('',*,*,#684,.T.);
#978=ORIENTED_EDGE('',*,*,#663,.T.);
#979=ORIENTED_EDGE('',*,*,#693,.F.);
#980=ORIENTED_EDGE('',*,*,#678,.T.);
#981=ORIENTED_EDGE('',*,*,#661,.F.);
#982=ORIENTED_EDGE('',*,*,#670,.F.);
#983=ORIENTED_EDGE('',*,*,#711,.F.);
#984=ORIENTED_EDGE('',*,*,#712,.F.);
#985=ORIENTED_EDGE('',*,*,#696,.F.);
#986=ORIENTED_EDGE('',*,*,#703,.T.);
#987=ORIENTED_EDGE('',*,*,#713,.T.);
#988=ORIENTED_EDGE('',*,*,#709,.T.);
#989=ORIENTED_EDGE('',*,*,#653,.T.);
#990=ORIENTED_EDGE('',*,*,#714,.T.);
#991=ORIENTED_EDGE('',*,*,#714,.F.);
#992=ORIENTED_EDGE('',*,*,#658,.T.);
#993=ORIENTED_EDGE('',*,*,#643,.T.);
#994=ORIENTED_EDGE('',*,*,#695,.F.);
#995=ORIENTED_EDGE('',*,*,#712,.T.);
#996=ORIENTED_EDGE('',*,*,#715,.T.);
#997=ORIENTED_EDGE('',*,*,#708,.F.);
#998=ORIENTED_EDGE('',*,*,#655,.F.);
#999=ORIENTED_EDGE('',*,*,#639,.T.);
#1000=ORIENTED_EDGE('',*,*,#674,.F.);
#1001=ORIENTED_EDGE('',*,*,#699,.F.);
#1002=ORIENTED_EDGE('',*,*,#680,.F.);
#1003=ORIENTED_EDGE('',*,*,#671,.F.);
#1004=ORIENTED_EDGE('',*,*,#637,.F.);
#1005=ORIENTED_EDGE('',*,*,#706,.T.);
#1006=ORIENTED_EDGE('',*,*,#716,.F.);
#1007=ORIENTED_EDGE('',*,*,#668,.F.);
#1008=ORIENTED_EDGE('',*,*,#659,.F.);
#1009=ORIENTED_EDGE('',*,*,#677,.F.);
#1010=ORIENTED_EDGE('',*,*,#692,.F.);
#1011=ORIENTED_EDGE('',*,*,#665,.F.);
#1012=ORIENTED_EDGE('',*,*,#689,.F.);
#1013=ORIENTED_EDGE('',*,*,#647,.F.);
#1014=ORIENTED_EDGE('',*,*,#683,.F.);
#1015=ORIENTED_EDGE('',*,*,#697,.F.);
#1016=ORIENTED_EDGE('',*,*,#688,.F.);
#1017=ORIENTED_EDGE('',*,*,#715,.F.);
#1018=ORIENTED_EDGE('',*,*,#711,.T.);
#1019=ORIENTED_EDGE('',*,*,#702,.F.);
#1020=ORIENTED_EDGE('',*,*,#707,.F.);
#1021=ORIENTED_EDGE('',*,*,#716,.T.);
#1022=ORIENTED_EDGE('',*,*,#705,.T.);
#1023=ORIENTED_EDGE('',*,*,#710,.F.);
#1024=ORIENTED_EDGE('',*,*,#713,.F.);
#1025=CYLINDRICAL_SURFACE('',#1116,4.);
#1026=CYLINDRICAL_SURFACE('',#1122,4.);
#1027=CYLINDRICAL_SURFACE('',#1128,4.);
#1028=CYLINDRICAL_SURFACE('',#1131,4.);
#1029=CYLINDRICAL_SURFACE('',#1141,6.52);
#1030=CYLINDRICAL_SURFACE('',#1149,3.26);
#1031=CYLINDRICAL_SURFACE('',#1156,2.25);
#1032=CYLINDRICAL_SURFACE('',#1165,1.70000000000001);
#1033=CYLINDRICAL_SURFACE('',#1168,1.69999999999999);
#1034=CYLINDRICAL_SURFACE('',#1171,3.26000000000008);
#1035=CYLINDRICAL_SURFACE('',#1174,6.99999999999999);
#1036=CYLINDRICAL_SURFACE('',#1181,2.24999999999999);
#1037=CYLINDRICAL_SURFACE('',#1185,1.70000000000001);
#1038=CYLINDRICAL_SURFACE('',#1188,6.52000000000009);
#1039=CYLINDRICAL_SURFACE('',#1191,2.25);
#1040=CYLINDRICAL_SURFACE('',#1194,7.00000000000001);
#1041=CYLINDRICAL_SURFACE('',#1198,6.52);
#1042=CYLINDRICAL_SURFACE('',#1202,3.26);
#1043=ADVANCED_FACE('',(#83),#1025,.T.);
#1044=ADVANCED_FACE('',(#84),#46,.T.);
#1045=ADVANCED_FACE('',(#85),#47,.F.);
#1046=ADVANCED_FACE('',(#86),#1026,.T.);
#1047=ADVANCED_FACE('',(#87),#48,.T.);
#1048=ADVANCED_FACE('',(#88),#49,.F.);
#1049=ADVANCED_FACE('',(#89),#1027,.T.);
#1050=ADVANCED_FACE('',(#90),#50,.T.);
#1051=ADVANCED_FACE('',(#91),#1028,.T.);
#1052=ADVANCED_FACE('',(#92),#51,.F.);
#1053=ADVANCED_FACE('',(#93),#52,.T.);
#1054=ADVANCED_FACE('',(#94),#53,.T.);
#1055=ADVANCED_FACE('',(#95),#54,.T.);
#1056=ADVANCED_FACE('',(#96),#55,.T.);
#1057=ADVANCED_FACE('',(#97),#56,.T.);
#1058=ADVANCED_FACE('',(#98),#57,.T.);
#1059=ADVANCED_FACE('',(#99),#58,.F.);
#1060=ADVANCED_FACE('',(#100),#1029,.T.);
#1061=ADVANCED_FACE('',(#101),#39,.T.);
#1062=ADVANCED_FACE('',(#102),#59,.F.);
#1063=ADVANCED_FACE('',(#103),#40,.F.);
#1064=ADVANCED_FACE('',(#104),#60,.T.);
#1065=ADVANCED_FACE('',(#105),#61,.F.);
#1066=ADVANCED_FACE('',(#106),#1030,.F.);
#1067=ADVANCED_FACE('',(#107),#62,.F.);
#1068=ADVANCED_FACE('',(#108),#63,.T.);
#1069=ADVANCED_FACE('',(#109),#64,.T.);
#1070=ADVANCED_FACE('',(#110),#65,.F.);
#1071=ADVANCED_FACE('',(#111),#66,.T.);
#1072=ADVANCED_FACE('',(#112),#29,.T.);
#1073=ADVANCED_FACE('',(#113),#67,.F.);
#1074=ADVANCED_FACE('',(#114),#1031,.F.);
#1075=ADVANCED_FACE('',(#115),#68,.F.);
#1076=ADVANCED_FACE('',(#116),#69,.F.);
#1077=ADVANCED_FACE('',(#117),#1032,.F.);
#1078=ADVANCED_FACE('',(#118),#1033,.F.);
#1079=ADVANCED_FACE('',(#119),#1034,.F.);
#1080=ADVANCED_FACE('',(#120),#70,.F.);
#1081=ADVANCED_FACE('',(#121),#1035,.T.);
#1082=ADVANCED_FACE('',(#122),#71,.T.);
#1083=ADVANCED_FACE('',(#123),#72,.F.);
#1084=ADVANCED_FACE('',(#124),#73,.T.);
#1085=ADVANCED_FACE('',(#125),#74,.F.);
#1086=ADVANCED_FACE('',(#126),#1036,.F.);
#1087=ADVANCED_FACE('',(#127),#75,.F.);
#1088=ADVANCED_FACE('',(#128),#1037,.F.);
#1089=ADVANCED_FACE('',(#129),#1038,.T.);
#1090=ADVANCED_FACE('',(#130),#76,.T.);
#1091=ADVANCED_FACE('',(#131),#1039,.F.);
#1092=ADVANCED_FACE('',(#132),#1040,.T.);
#1093=ADVANCED_FACE('',(#133),#77,.T.);
#1094=ADVANCED_FACE('',(#134),#30,.T.);
#1095=ADVANCED_FACE('',(#135),#1041,.T.);
#1096=ADVANCED_FACE('',(#136,#13,#14,#15,#16),#78,.F.);
#1097=ADVANCED_FACE('',(#137),#79,.T.);
#1098=ADVANCED_FACE('',(#138),#1042,.F.);
#1099=ADVANCED_FACE('',(#139),#80,.F.);
#1100=ADVANCED_FACE('',(#140,#17,#18,#19,#20),#81,.T.);
#1101=ADVANCED_FACE('',(#141),#82,.T.);
#1102=CLOSED_SHELL('',(#1043,#1044,#1045,#1046,#1047,#1048,#1049,#1050,
#1051,#1052,#1053,#1054,#1055,#1056,#1057,#1058));
#1103=DERIVED_UNIT_ELEMENT(#1105,1.);
#1104=DERIVED_UNIT_ELEMENT(#1946,-3.);
#1105=(
MASS_UNIT()
NAMED_UNIT(*)
SI_UNIT(.KILO.,.GRAM.)
);
#1106=DERIVED_UNIT((#1103,#1104));
#1107=MEASURE_REPRESENTATION_ITEM('density measure',
POSITIVE_RATIO_MEASURE(7850.),#1106);
#1108=PROPERTY_DEFINITION_REPRESENTATION(#1113,#1110);
#1109=PROPERTY_DEFINITION_REPRESENTATION(#1114,#1111);
#1110=REPRESENTATION('material name',(#1112),#1943);
#1111=REPRESENTATION('density',(#1107),#1943);
#1112=DESCRIPTIVE_REPRESENTATION_ITEM('Acero','Acero');
#1113=PROPERTY_DEFINITION('material property','material name',#1953);
#1114=PROPERTY_DEFINITION('material property','density of part',#1953);
#1115=AXIS2_PLACEMENT_3D('',#1503,#1207,#1208);
#1116=AXIS2_PLACEMENT_3D('',#1504,#1209,#1210);
#1117=AXIS2_PLACEMENT_3D('',#1507,#1211,#1212);
#1118=AXIS2_PLACEMENT_3D('',#1511,#1214,#1215);
#1119=AXIS2_PLACEMENT_3D('',#1513,#1217,#1218);
#1120=AXIS2_PLACEMENT_3D('',#1531,#1228,#1229);
#1121=AXIS2_PLACEMENT_3D('',#1535,#1231,#1232);
#1122=AXIS2_PLACEMENT_3D('',#1539,#1235,#1236);
#1123=AXIS2_PLACEMENT_3D('',#1541,#1237,#1238);
#1124=AXIS2_PLACEMENT_3D('',#1543,#1239,#1240);
#1125=AXIS2_PLACEMENT_3D('',#1545,#1242,#1243);
#1126=AXIS2_PLACEMENT_3D('',#1551,#1247,#1248);
#1127=AXIS2_PLACEMENT_3D('',#1556,#1251,#1252);
#1128=AXIS2_PLACEMENT_3D('',#1557,#1253,#1254);
#1129=AXIS2_PLACEMENT_3D('',#1560,#1255,#1256);
#1130=AXIS2_PLACEMENT_3D('',#1563,#1259,#1260);
#1131=AXIS2_PLACEMENT_3D('',#1576,#1268,#1269);
#1132=AXIS2_PLACEMENT_3D('',#1577,#1270,#1271);
#1133=AXIS2_PLACEMENT_3D('',#1578,#1272,#1273);
#1134=AXIS2_PLACEMENT_3D('',#1579,#1274,#1275);
#1135=AXIS2_PLACEMENT_3D('',#1581,#1277,#1278);
#1136=AXIS2_PLACEMENT_3D('',#1584,#1281,#1282);
#1137=AXIS2_PLACEMENT_3D('',#1586,#1284,#1285);
#1138=AXIS2_PLACEMENT_3D('',#1587,#1286,#1287);
#1139=AXIS2_PLACEMENT_3D('',#1589,#1289,#1290);
#1140=AXIS2_PLACEMENT_3D('',#1590,#1291,#1292);
#1141=AXIS2_PLACEMENT_3D('',#1599,#1297,#1298);
#1142=AXIS2_PLACEMENT_3D('',#1604,#1300,#1301);
#1143=AXIS2_PLACEMENT_3D('',#1606,#1303,#1304);
#1144=AXIS2_PLACEMENT_3D('',#1642,#1306,#1307);
#1145=AXIS2_PLACEMENT_3D('',#1645,#1308,#1309);
#1146=AXIS2_PLACEMENT_3D('',#1686,#1314,#1315);
#1147=AXIS2_PLACEMENT_3D('',#1688,#1316,#1317);
#1148=AXIS2_PLACEMENT_3D('',#1690,#1319,#1320);
#1149=AXIS2_PLACEMENT_3D('',#1693,#1323,#1324);
#1150=AXIS2_PLACEMENT_3D('',#1696,#1327,#1328);
#1151=AXIS2_PLACEMENT_3D('',#1702,#1332,#1333);
#1152=AXIS2_PLACEMENT_3D('',#1706,#1336,#1337);
#1153=AXIS2_PLACEMENT_3D('',#1710,#1340,#1341);
#1154=AXIS2_PLACEMENT_3D('',#1712,#1343,#1344);
#1155=AXIS2_PLACEMENT_3D('',#1763,#1351,#1352);
#1156=AXIS2_PLACEMENT_3D('',#1772,#1357,#1358);
#1157=AXIS2_PLACEMENT_3D('',#1775,#1359,#1360);
#1158=AXIS2_PLACEMENT_3D('',#1779,#1362,#1363);
#1159=AXIS2_PLACEMENT_3D('',#1781,#1365,#1366);
#1160=AXIS2_PLACEMENT_3D('',#1782,#1367,#1368);
#1161=AXIS2_PLACEMENT_3D('',#1783,#1369,#1370);
#1162=AXIS2_PLACEMENT_3D('',#1784,#1371,#1372);
#1163=AXIS2_PLACEMENT_3D('',#1787,#1373,#1374);
#1164=AXIS2_PLACEMENT_3D('',#1792,#1377,#1378);
#1165=AXIS2_PLACEMENT_3D('',#1795,#1381,#1382);
#1166=AXIS2_PLACEMENT_3D('',#1798,#1383,#1384);
#1167=AXIS2_PLACEMENT_3D('',#1802,#1386,#1387);
#1168=AXIS2_PLACEMENT_3D('',#1804,#1389,#1390);
#1169=AXIS2_PLACEMENT_3D('',#1806,#1391,#1392);
#1170=AXIS2_PLACEMENT_3D('',#1809,#1394,#1395);
#1171=AXIS2_PLACEMENT_3D('',#1810,#1396,#1397);
#1172=AXIS2_PLACEMENT_3D('',#1813,#1399,#1400);
#1173=AXIS2_PLACEMENT_3D('',#1814,#1401,#1402);
#1174=AXIS2_PLACEMENT_3D('',#1820,#1406,#1407);
#1175=AXIS2_PLACEMENT_3D('',#1822,#1408,#1409);
#1176=AXIS2_PLACEMENT_3D('',#1825,#1411,#1412);
#1177=AXIS2_PLACEMENT_3D('',#1826,#1413,#1414);
#1178=AXIS2_PLACEMENT_3D('',#1832,#1418,#1419);
#1179=AXIS2_PLACEMENT_3D('',#1838,#1423,#1424);
#1180=AXIS2_PLACEMENT_3D('',#1844,#1428,#1429);
#1181=AXIS2_PLACEMENT_3D('',#1850,#1433,#1434);
#1182=AXIS2_PLACEMENT_3D('',#1852,#1435,#1436);
#1183=AXIS2_PLACEMENT_3D('',#1855,#1438,#1439);
#1184=AXIS2_PLACEMENT_3D('',#1856,#1440,#1441);
#1185=AXIS2_PLACEMENT_3D('',#1862,#1445,#1446);
#1186=AXIS2_PLACEMENT_3D('',#1863,#1447,#1448);
#1187=AXIS2_PLACEMENT_3D('',#1864,#1449,#1450);
#1188=AXIS2_PLACEMENT_3D('',#1865,#1451,#1452);
#1189=AXIS2_PLACEMENT_3D('',#1867,#1453,#1454);
#1190=AXIS2_PLACEMENT_3D('',#1869,#1456,#1457);
#1191=AXIS2_PLACEMENT_3D('',#1871,#1459,#1460);
#1192=AXIS2_PLACEMENT_3D('',#1872,#1461,#1462);
#1193=AXIS2_PLACEMENT_3D('',#1873,#1463,#1464);
#1194=AXIS2_PLACEMENT_3D('',#1874,#1465,#1466);
#1195=AXIS2_PLACEMENT_3D('',#1875,#1467,#1468);
#1196=AXIS2_PLACEMENT_3D('',#1876,#1469,#1470);
#1197=AXIS2_PLACEMENT_3D('',#1877,#1471,#1472);
#1198=AXIS2_PLACEMENT_3D('',#1920,#1477,#1478);
#1199=AXIS2_PLACEMENT_3D('',#1922,#1479,#1480);
#1200=AXIS2_PLACEMENT_3D('',#1924,#1482,#1483);
#1201=AXIS2_PLACEMENT_3D('',#1928,#1486,#1487);
#1202=AXIS2_PLACEMENT_3D('',#1932,#1490,#1491);
#1203=AXIS2_PLACEMENT_3D('',#1934,#1492,#1493);
#1204=AXIS2_PLACEMENT_3D('',#1936,#1495,#1496);
#1205=AXIS2_PLACEMENT_3D('',#1938,#1498,#1499);
#1206=AXIS2_PLACEMENT_3D('',#1940,#1501,#1502);
#1207=DIRECTION('axis',(0.,0.,1.));
#1208=DIRECTION('refdir',(1.,0.,0.));
#1209=DIRECTION('center_axis',(0.,0.,1.));
#1210=DIRECTION('ref_axis',(0.707106781186548,-0.707106781186547,0.));
#1211=DIRECTION('center_axis',(0.,0.,1.));
#1212=DIRECTION('ref_axis',(0.707106781186548,-0.707106781186547,0.));
#1213=DIRECTION('',(0.,0.,1.));
#1214=DIRECTION('center_axis',(0.,0.,-1.));
#1215=DIRECTION('ref_axis',(0.707106781186548,-0.707106781186547,0.));
#1216=DIRECTION('',(0.,0.,-1.));
#1217=DIRECTION('center_axis',(0.,-1.,0.));
#1218=DIRECTION('ref_axis',(-1.,0.,0.));
#1219=DIRECTION('',(-1.,0.,0.));
#1220=DIRECTION('',(0.,0.,1.));
#1221=DIRECTION('',(1.,0.,0.));
#1222=DIRECTION('',(0.,0.,-1.));
#1223=DIRECTION('',(-1.,0.,0.));
#1224=DIRECTION('',(0.,0.,1.));
#1225=DIRECTION('',(-1.,0.,0.));
#1226=DIRECTION('',(0.,0.,-1.));
#1227=DIRECTION('',(-1.,0.,0.));
#1228=DIRECTION('center_axis',(0.,0.,-1.));
#1229=DIRECTION('ref_axis',(0.,-1.,0.));
#1230=DIRECTION('',(0.,-1.,0.));
#1231=DIRECTION('center_axis',(0.,0.,-1.));
#1232=DIRECTION('ref_axis',(0.707106781186548,0.707106781186547,0.));
#1233=DIRECTION('',(1.,0.,0.));
#1234=DIRECTION('',(0.,-1.,0.));
#1235=DIRECTION('center_axis',(0.,0.,1.));
#1236=DIRECTION('ref_axis',(0.707106781186548,-0.707106781186547,0.));
#1237=DIRECTION('center_axis',(0.,0.,-1.));
#1238=DIRECTION('ref_axis',(0.707106781186548,-0.707106781186547,0.));
#1239=DIRECTION('center_axis',(0.,0.,1.));
#1240=DIRECTION('ref_axis',(0.707106781186548,-0.707106781186547,0.));
#1241=DIRECTION('',(0.,0.,1.));
#1242=DIRECTION('center_axis',(1.,0.,0.));
#1243=DIRECTION('ref_axis',(0.,-1.,0.));
#1244=DIRECTION('',(0.,1.,0.));
#1245=DIRECTION('',(0.,0.,-1.));
#1246=DIRECTION('',(0.,1.,0.));
#1247=DIRECTION('center_axis',(0.,0.,1.));
#1248=DIRECTION('ref_axis',(0.,1.,0.));
#1249=DIRECTION('',(0.,1.,0.));
#1250=DIRECTION('',(-1.,0.,0.));
#1251=DIRECTION('center_axis',(0.,0.,1.));
#1252=DIRECTION('ref_axis',(0.707106781186548,0.707106781186547,0.));
#1253=DIRECTION('center_axis',(0.,0.,-1.));
#1254=DIRECTION('ref_axis',(0.707106781186548,0.707106781186547,0.));
#1255=DIRECTION('center_axis',(0.,0.,1.));
#1256=DIRECTION('ref_axis',(0.707106781186548,0.707106781186547,0.));
#1257=DIRECTION('',(0.,0.,1.));
#1258=DIRECTION('',(0.,0.,-1.));
#1259=DIRECTION('center_axis',(0.,1.,0.));
#1260=DIRECTION('ref_axis',(1.,0.,0.));
#1261=DIRECTION('',(1.,0.,0.));
#1262=DIRECTION('',(0.,0.,-1.));
#1263=DIRECTION('',(-1.,0.,0.));
#1264=DIRECTION('',(0.,0.,-1.));
#1265=DIRECTION('',(-1.,0.,0.));
#1266=DIRECTION('',(0.,0.,1.));
#1267=DIRECTION('',(0.,0.,-1.));
#1268=DIRECTION('center_axis',(0.,0.,-1.));
#1269=DIRECTION('ref_axis',(0.707106781186548,0.707106781186547,0.));
#1270=DIRECTION('center_axis',(0.,0.,-1.));
#1271=DIRECTION('ref_axis',(0.707106781186548,0.707106781186547,0.));
#1272=DIRECTION('center_axis',(-1.,0.,0.));
#1273=DIRECTION('ref_axis',(0.,0.,1.));
#1274=DIRECTION('center_axis',(1.,0.,0.));
#1275=DIRECTION('ref_axis',(0.,-1.,0.));
#1276=DIRECTION('',(0.,1.,0.));
#1277=DIRECTION('center_axis',(0.,0.,-1.));
#1278=DIRECTION('ref_axis',(0.,-1.,0.));
#1279=DIRECTION('',(1.74838271594513E-16,-1.,0.));
#1280=DIRECTION('',(0.,-1.,0.));
#1281=DIRECTION('center_axis',(-1.,0.,0.));
#1282=DIRECTION('ref_axis',(0.,0.,1.));
#1283=DIRECTION('',(0.,1.,0.));
#1284=DIRECTION('center_axis',(0.,0.,1.));
#1285=DIRECTION('ref_axis',(1.,0.,0.));
#1286=DIRECTION('center_axis',(0.,0.,-1.));
#1287=DIRECTION('ref_axis',(-1.,0.,0.));
#1288=DIRECTION('',(-1.74838271594513E-16,1.,0.));
#1289=DIRECTION('center_axis',(-1.,-1.74838271594513E-16,0.));
#1290=DIRECTION('ref_axis',(-1.74838271594513E-16,1.,0.));
#1291=DIRECTION('center_axis',(0.,-1.,0.));
#1292=DIRECTION('ref_axis',(0.,0.,-1.));
#1293=DIRECTION('',(3.49148133884313E-15,0.,-1.));
#1294=DIRECTION('',(1.,-3.71192346864526E-13,3.49148133884314E-15));
#1295=DIRECTION('',(3.49148133884313E-15,0.,-1.));
#1296=DIRECTION('',(-1.,0.,-3.49148133884313E-15));
#1297=DIRECTION('center_axis',(2.66061882818529E-16,-1.,0.));
#1298=DIRECTION('ref_axis',(-1.,-2.66061882818529E-16,-3.45880447664087E-15));
#1299=DIRECTION('',(-2.66061882818529E-16,1.,0.));
#1300=DIRECTION('center_axis',(2.66061882818529E-16,-1.,0.));
#1301=DIRECTION('ref_axis',(1.,2.66061882818529E-16,0.));
#1302=DIRECTION('',(0.,1.,0.));
#1303=DIRECTION('center_axis',(-2.66061882818529E-16,1.,0.));
#1304=DIRECTION('ref_axis',(1.,2.66061882818529E-16,0.));
#1305=DIRECTION('',(1.,-3.71192346864526E-13,3.49148133884314E-15));
#1306=DIRECTION('center_axis',(-2.66061882818529E-16,1.,0.));
#1307=DIRECTION('ref_axis',(-1.,-2.66061882818529E-16,0.));
#1308=DIRECTION('center_axis',(2.66061882818529E-16,-1.,0.));
#1309=DIRECTION('ref_axis',(1.,2.66061882818529E-16,0.));
#1310=DIRECTION('',(-1.,0.,-3.49148133884313E-15));
#1311=DIRECTION('',(-5.32123765637058E-16,-1.41577850977881E-31,-1.));
#1312=DIRECTION('',(1.,3.71192346864526E-13,3.49148133884314E-15));
#1313=DIRECTION('',(1.,3.71192346864526E-13,3.49148133884314E-15));
#1314=DIRECTION('center_axis',(-2.66061882818529E-16,1.,0.));
#1315=DIRECTION('ref_axis',(-1.,-2.66061882818529E-16,0.));
#1316=DIRECTION('center_axis',(-2.66061882818529E-16,1.,0.));
#1317=DIRECTION('ref_axis',(1.,2.66061882818529E-16,7.98185648455587E-16));
#1318=DIRECTION('',(-5.87621336286321E-16,0.,-1.));
#1319=DIRECTION('center_axis',(0.,1.,0.));
#1320=DIRECTION('ref_axis',(0.,0.,1.));
#1321=DIRECTION('',(-3.49148133884313E-15,0.,1.));
#1322=DIRECTION('',(-3.49148133884313E-15,0.,1.));
#1323=DIRECTION('center_axis',(2.66061882818529E-16,-1.,0.));
#1324=DIRECTION('ref_axis',(-1.,-2.66061882818529E-16,-3.45880447664088E-15));
#1325=DIRECTION('',(-2.66061882818529E-16,1.,0.));
#1326=DIRECTION('',(0.,-1.,0.));
#1327=DIRECTION('center_axis',(-1.85711194207333E-13,-1.,0.));
#1328=DIRECTION('ref_axis',(1.,-1.85711194207333E-13,0.));
#1329=DIRECTION('',(-1.,2.36795075708484E-13,-4.25699012509635E-15));
#1330=DIRECTION('',(-3.49610817792325E-15,0.,1.));
#1331=DIRECTION('',(3.49148133884313E-15,1.71744725671372E-30,-1.));
#1332=DIRECTION('center_axis',(1.,0.,3.49148133884313E-15));
#1333=DIRECTION('ref_axis',(3.49148133884313E-15,0.,-1.));
#1334=DIRECTION('',(2.36785797592415E-13,1.,0.));
#1335=DIRECTION('',(-3.49610817792325E-15,0.,1.));
#1336=DIRECTION('center_axis',(-1.85711194207333E-13,-1.,0.));
#1337=DIRECTION('ref_axis',(1.,-1.85711194207333E-13,0.));
#1338=DIRECTION('',(-1.,2.36785797592415E-13,-4.25699012509635E-15));
#1339=DIRECTION('',(3.49148133884313E-15,-1.71744725671372E-30,-1.));
#1340=DIRECTION('center_axis',(1.,0.,3.49148133884313E-15));
#1341=DIRECTION('ref_axis',(3.49148133884313E-15,0.,-1.));
#1342=DIRECTION('',(2.36785797592415E-13,1.,0.));
#1343=DIRECTION('center_axis',(3.58046925441613E-15,-1.85037170770859E-16,
-1.));
#1344=DIRECTION('ref_axis',(-1.,0.,-3.58046925441613E-15));
#1345=DIRECTION('',(1.85872494829524E-13,1.,-1.85037170770194E-16));
#1346=DIRECTION('',(1.,-2.04335526004879E-13,5.4489473601301E-15));
#1347=DIRECTION('',(1.85872494829524E-13,1.,-1.85037170770194E-16));
#1348=DIRECTION('',(-1.,3.92776339193471E-30,-3.58046925441613E-15));
#1349=DIRECTION('',(1.,-1.85604769454206E-13,0.));
#1350=DIRECTION('',(-1.,2.00248815484294E-13,-5.44894736011683E-15));
#1351=DIRECTION('center_axis',(-1.85711194207333E-13,-1.,0.));
#1352=DIRECTION('ref_axis',(1.,-1.85711194207333E-13,0.));
#1353=DIRECTION('',(-0.965925826289066,1.7941333237839E-13,-0.258819045102528));
#1354=DIRECTION('',(0.258819045102529,-4.80655939495923E-14,-0.965925826289066));
#1355=DIRECTION('',(-0.965925826289066,1.7941333237839E-13,-0.258819045102528));
#1356=DIRECTION('',(-0.258819045102528,4.75077482586269E-14,0.965925826289066));
#1357=DIRECTION('center_axis',(-0.866025403784437,-2.48878797673953E-14,
-0.500000000000003));
#1358=DIRECTION('ref_axis',(-0.500000000000003,9.28828317845848E-14,0.866025403784437));
#1359=DIRECTION('center_axis',(-0.866025403784437,1.60877783801774E-13,
-0.500000000000003));
#1360=DIRECTION('ref_axis',(-0.500000000000003,9.28828317845848E-14,0.866025403784437));
#1361=DIRECTION('',(0.866025403784437,2.48878797673953E-14,0.500000000000003));
#1362=DIRECTION('center_axis',(-0.866025403784437,1.60877783801774E-13,
-0.500000000000003));
#1363=DIRECTION('ref_axis',(-0.500000000000003,9.28828317845848E-14,0.866025403784437));
#1364=DIRECTION('',(-0.866025403784437,-2.48878797673953E-14,-0.500000000000003));
#1365=DIRECTION('center_axis',(-1.85711194207333E-13,-1.,0.));
#1366=DIRECTION('ref_axis',(1.,-1.85711194207333E-13,0.));
#1367=DIRECTION('center_axis',(2.36785797592415E-13,1.,0.));
#1368=DIRECTION('ref_axis',(1.,-2.36785797592415E-13,0.));
#1369=DIRECTION('center_axis',(2.36785797592415E-13,1.,0.));
#1370=DIRECTION('ref_axis',(1.,-2.36785797592415E-13,1.0642475312741E-15));
#1371=DIRECTION('center_axis',(-1.85711194207333E-13,-1.,0.));
#1372=DIRECTION('ref_axis',(1.,-1.85711194207333E-13,0.));
#1373=DIRECTION('center_axis',(1.85711194207333E-13,1.,0.));
#1374=DIRECTION('ref_axis',(0.923879532511289,-1.71155334528772E-13,-0.382683432365085));
#1375=DIRECTION('',(0.500000000000003,-9.28828317845849E-14,-0.866025403784437));
#1376=DIRECTION('',(0.500000000000003,-9.2859812037568E-14,-0.866025403784437));
#1377=DIRECTION('center_axis',(-1.85711194207333E-13,-1.,0.));
#1378=DIRECTION('ref_axis',(0.923879532511289,-1.71155334528771E-13,-0.382683432365085));
#1379=DIRECTION('',(0.965925826289066,-1.79383238715848E-13,0.258819045102528));
#1380=DIRECTION('',(-0.965925826289066,1.7941333237839E-13,-0.258819045102528));
#1381=DIRECTION('center_axis',(-0.866025403784437,-2.48878797673953E-14,
-0.500000000000003));
#1382=DIRECTION('ref_axis',(-0.500000000000003,9.28828317845848E-14,0.866025403784437));
#1383=DIRECTION('center_axis',(-0.866025403784437,1.60877783801774E-13,
-0.500000000000003));
#1384=DIRECTION('ref_axis',(-0.500000000000003,9.28828317845848E-14,0.866025403784437));
#1385=DIRECTION('',(0.866025403784437,2.48878797673953E-14,0.500000000000003));
#1386=DIRECTION('center_axis',(-0.866025403784437,1.60877783801774E-13,
-0.500000000000003));
#1387=DIRECTION('ref_axis',(-0.500000000000003,9.28828317845848E-14,0.866025403784437));
#1388=DIRECTION('',(-0.866025403784437,-2.48878797673953E-14,-0.500000000000003));
#1389=DIRECTION('center_axis',(0.866025403784437,-0.0115916747623738,0.499865615016883));
#1390=DIRECTION('ref_axis',(0.473684616079586,0.339077633540754,-0.81280332364105));
#1391=DIRECTION('center_axis',(-0.866025403784437,1.60877783801774E-13,
-0.500000000000003));
#1392=DIRECTION('ref_axis',(-0.00501976402778227,0.999949602668262,0.00869448633844706));
#1393=DIRECTION('',(0.866025403784437,-0.0115916747623738,0.499865615016883));
#1394=DIRECTION('center_axis',(-0.866025403784437,1.60877783801774E-13,
-0.500000000000003));
#1395=DIRECTION('ref_axis',(-0.00501976402767903,0.999949602668264,0.00869448633826826));
#1396=DIRECTION('center_axis',(-2.36785797592415E-13,-1.,0.));
#1397=DIRECTION('ref_axis',(-0.258819045102528,6.12846740267093E-14,0.965925826289066));
#1398=DIRECTION('',(-2.33303254941506E-13,-1.,-1.33297785960556E-14));
#1399=DIRECTION('center_axis',(-2.36785797592415E-13,-1.,0.));
#1400=DIRECTION('ref_axis',(1.,-2.36785797592415E-13,0.));
#1401=DIRECTION('center_axis',(0.500000000000003,-9.28828317845848E-14,
-0.866025403784437));
#1402=DIRECTION('ref_axis',(-0.866025403784437,-2.48878797673953E-14,-0.500000000000003));
#1403=DIRECTION('',(-1.8576566356917E-13,-1.,-6.56332273143882E-28));
#1404=DIRECTION('',(-0.866025403784437,-2.48878797673953E-14,-0.500000000000003));
#1405=DIRECTION('',(-1.8576566356917E-13,-1.,-6.56332273143882E-28));
#1406=DIRECTION('center_axis',(-1.,3.92776339193471E-30,-3.58046925441613E-15));
#1407=DIRECTION('ref_axis',(-3.58046925441613E-15,-1.51066876871985E-45,
1.));
#1408=DIRECTION('center_axis',(0.866025403784437,-1.60877783801774E-13,
0.500000000000003));
#1409=DIRECTION('ref_axis',(-0.500000000000003,1.96388169596735E-30,0.866025403784437));
#1410=DIRECTION('',(-1.,3.92776339193471E-30,-3.58046925441613E-15));
#1411=DIRECTION('center_axis',(0.866025403784437,-1.60877783801774E-13,
0.500000000000003));
#1412=DIRECTION('ref_axis',(-0.500000000000003,1.96388169596735E-30,0.866025403784437));
#1413=DIRECTION('center_axis',(3.58046925441613E-15,-1.85037170770859E-16,
-1.));
#1414=DIRECTION('ref_axis',(-1.,0.,-3.58046925441613E-15));
#1415=DIRECTION('',(1.85872494829524E-13,1.,-1.85037170770194E-16));
#1416=DIRECTION('',(1.85872494829524E-13,1.,-1.85037170770194E-16));
#1417=DIRECTION('',(-1.,3.92776339193471E-30,-3.58046925441613E-15));
#1418=DIRECTION('center_axis',(-0.500000000000003,9.28828317845848E-14,
0.866025403784437));
#1419=DIRECTION('ref_axis',(0.866025403784437,2.48878797673953E-14,0.500000000000003));
#1420=DIRECTION('',(1.8576566356917E-13,1.,6.56332273143882E-28));
#1421=DIRECTION('',(1.8576566356917E-13,1.,6.56332273143882E-28));
#1422=DIRECTION('',(0.866025403784437,2.48878797673953E-14,0.500000000000003));
#1423=DIRECTION('center_axis',(-3.58046925441613E-15,0.,1.));
#1424=DIRECTION('ref_axis',(1.,0.,3.58046925441613E-15));
#1425=DIRECTION('',(-1.8576566356917E-13,-1.,-6.65128246935622E-28));
#1426=DIRECTION('',(-1.,3.92776339193471E-30,-3.58046925441613E-15));
#1427=DIRECTION('',(-1.8576566356917E-13,-1.,-6.65128246935622E-28));
#1428=DIRECTION('center_axis',(0.500000000000003,-9.28828317845848E-14,
-0.866025403784437));
#1429=DIRECTION('ref_axis',(-0.866025403784437,-2.48878797673953E-14,-0.500000000000003));
#1430=DIRECTION('',(-1.8576566356917E-13,-1.,-6.56332273143882E-28));
#1431=DIRECTION('',(-1.8576566356917E-13,-1.,-6.56332273143882E-28));
#1432=DIRECTION('',(0.866025403784437,2.48878797673953E-14,0.500000000000003));
#1433=DIRECTION('center_axis',(0.866025403784437,-0.00414285529174221,0.499982836455447));
#1434=DIRECTION('ref_axis',(-0.447368786208256,-0.452997274170621,0.771138534065403));
#1435=DIRECTION('center_axis',(-0.866025403784437,1.60877783801774E-13,
-0.500000000000003));
#1436=DIRECTION('ref_axis',(0.00179392820824344,-0.999993563622453,-0.00310717480213034));
#1437=DIRECTION('',(0.866025403784437,-0.00414285529174221,0.499982836455447));
#1438=DIRECTION('center_axis',(-0.866025403784437,1.60877783801774E-13,
-0.500000000000003));
#1439=DIRECTION('ref_axis',(0.00179392820764907,-0.999993563622457,-0.00310717480110099));
#1440=DIRECTION('center_axis',(-0.500000000000003,9.28828317845848E-14,
0.866025403784437));
#1441=DIRECTION('ref_axis',(0.866025403784437,2.48878797673953E-14,0.500000000000003));
#1442=DIRECTION('',(1.8576566356917E-13,1.,6.56332273143882E-28));
#1443=DIRECTION('',(-0.866025403784437,-2.48878797673953E-14,-0.500000000000003));
#1444=DIRECTION('',(1.8576566356917E-13,1.,6.56332273143882E-28));
#1445=DIRECTION('center_axis',(-0.866025403784437,-2.48878797673953E-14,
-0.500000000000003));
#1446=DIRECTION('ref_axis',(-0.500000000000003,9.28828317845848E-14,0.866025403784437));
#1447=DIRECTION('center_axis',(-0.866025403784437,1.60877783801774E-13,
-0.500000000000003));
#1448=DIRECTION('ref_axis',(-0.500000000000003,9.28828317845848E-14,0.866025403784437));
#1449=DIRECTION('center_axis',(-0.866025403784437,1.60877783801774E-13,
-0.500000000000003));
#1450=DIRECTION('ref_axis',(-0.500000000000003,9.28828317845848E-14,0.866025403784437));
#1451=DIRECTION('center_axis',(-2.36785797592415E-13,-1.,0.));
#1452=DIRECTION('ref_axis',(-0.258819045102528,6.12846740267092E-14,0.965925826289066));
#1453=DIRECTION('center_axis',(-2.36785797592415E-13,-1.,0.));
#1454=DIRECTION('ref_axis',(1.,-2.36785797592415E-13,0.));
#1455=DIRECTION('',(2.33303254941506E-13,1.,1.33297785960556E-14));
#1456=DIRECTION('center_axis',(-1.85711194207333E-13,-1.,0.));
#1457=DIRECTION('ref_axis',(1.,-1.85711194207333E-13,0.));
#1458=DIRECTION('',(-0.258819045102528,4.75077482586269E-14,0.965925826289066));
#1459=DIRECTION('center_axis',(-0.866025403784437,-2.48878797673953E-14,
-0.500000000000003));
#1460=DIRECTION('ref_axis',(-0.500000000000003,9.28828317845848E-14,0.866025403784437));
#1461=DIRECTION('center_axis',(-0.866025403784437,1.60877783801774E-13,
-0.500000000000003));
#1462=DIRECTION('ref_axis',(-0.500000000000003,9.28828317845848E-14,0.866025403784437));
#1463=DIRECTION('center_axis',(-0.866025403784437,1.60877783801774E-13,
-0.500000000000003));
#1464=DIRECTION('ref_axis',(-0.500000000000003,9.28828317845848E-14,0.866025403784437));
#1465=DIRECTION('center_axis',(-1.,3.92776339193471E-30,-3.58046925441613E-15));
#1466=DIRECTION('ref_axis',(-3.58046925441613E-15,-1.51066876871982E-45,
1.));
#1467=DIRECTION('center_axis',(0.866025403784437,-1.60877783801774E-13,
0.500000000000003));
#1468=DIRECTION('ref_axis',(-0.500000000000003,1.96388169596735E-30,0.866025403784437));
#1469=DIRECTION('center_axis',(0.866025403784437,-1.60877783801774E-13,
0.500000000000003));
#1470=DIRECTION('ref_axis',(-0.500000000000003,1.96388169596735E-30,0.866025403784437));
#1471=DIRECTION('center_axis',(0.258819045102528,-4.75077482586269E-14,
-0.965925826289066));
#1472=DIRECTION('ref_axis',(-0.965925826289066,-1.57772181044202E-30,-0.258819045102528));
#1473=DIRECTION('',(1.85469603880311E-13,1.,5.12790423175997E-16));
#1474=DIRECTION('',(-0.965925826289066,1.79383238715848E-13,-0.258819045102528));
#1475=DIRECTION('',(0.965925826289066,-1.79312764366968E-13,0.258819045102528));
#1476=DIRECTION('',(-1.,1.85604769454206E-13,-2.72447368006174E-15));
#1477=DIRECTION('center_axis',(-1.85469603880311E-13,-1.,-5.12790423175995E-16));
#1478=DIRECTION('ref_axis',(0.923879532511289,-1.71155334528771E-13,-0.382683432365085));
#1479=DIRECTION('center_axis',(1.85711194207333E-13,1.,0.));
#1480=DIRECTION('ref_axis',(0.923879532511289,-1.71155334528771E-13,-0.382683432365085));
#1481=DIRECTION('',(-1.85469603880311E-13,-1.,-5.12790423175988E-16));
#1482=DIRECTION('center_axis',(0.866025403784437,-1.60877783801774E-13,
0.500000000000003));
#1483=DIRECTION('ref_axis',(1.8576566356917E-13,1.,2.75651038741156E-29));
#1484=DIRECTION('',(1.85469603880311E-13,1.,5.12790423175975E-16));
#1485=DIRECTION('',(-0.500000000000003,9.2971798742491E-14,0.866025403784437));
#1486=DIRECTION('center_axis',(-1.85711194207333E-13,-1.,0.));
#1487=DIRECTION('ref_axis',(1.,-1.85711194207333E-13,0.));
#1488=DIRECTION('',(0.258819045102529,-4.89553864386092E-14,-0.965925826289066));
#1489=DIRECTION('',(0.965925826289066,-1.79312764366968E-13,0.258819045102528));
#1490=DIRECTION('center_axis',(1.85469603880311E-13,1.,5.12790423175995E-16));
#1491=DIRECTION('ref_axis',(0.923879532511289,-1.71155334528772E-13,-0.382683432365085));
#1492=DIRECTION('center_axis',(-1.85711194207333E-13,-1.,0.));
#1493=DIRECTION('ref_axis',(0.923879532511289,-1.71155334528772E-13,-0.382683432365085));
#1494=DIRECTION('',(-1.85469603880311E-13,-1.,-5.12790423176003E-16));
#1495=DIRECTION('center_axis',(0.258819045102528,-4.75077482586269E-14,
-0.965925826289066));
#1496=DIRECTION('ref_axis',(-0.965925826289066,-1.57772181044202E-30,-0.258819045102528));
#1497=DIRECTION('',(0.965925826289066,-1.79312764366968E-13,0.258819045102528));
#1498=DIRECTION('center_axis',(0.866025403784437,-1.60877783801774E-13,
0.500000000000003));
#1499=DIRECTION('ref_axis',(1.8576566356917E-13,1.,1.18028950392353E-29));
#1500=DIRECTION('',(-0.500000000000003,9.2971798742491E-14,0.866025403784437));
#1501=DIRECTION('center_axis',(-1.85711194207333E-13,-1.,0.));
#1502=DIRECTION('ref_axis',(1.,-1.85711194207333E-13,0.));
#1503=CARTESIAN_POINT('',(0.,0.,0.));
#1504=CARTESIAN_POINT('Origin',(64.8999995775521,-8.69999971613288,3.26));
#1505=CARTESIAN_POINT('',(64.8999995775521,-12.6999997161329,-3.46944695195361E-16));
#1506=CARTESIAN_POINT('',(68.8999995775521,-8.69999971613288,-2.77555756156289E-16));
#1507=CARTESIAN_POINT('Origin',(64.8999995775521,-8.69999971613288,-5.55111512312578E-16));
#1508=CARTESIAN_POINT('',(68.8999995775521,-8.69999971613288,3.89025897924637));
#1509=CARTESIAN_POINT('',(68.8999995775521,-8.69999971613288,3.26));
#1510=CARTESIAN_POINT('',(64.8999995775521,-12.6999997161329,3.89025897924637));
#1511=CARTESIAN_POINT('Origin',(64.8999995775521,-8.69999971613288,3.89025897924637));
#1512=CARTESIAN_POINT('',(64.8999995775521,-12.6999997161329,3.26));
#1513=CARTESIAN_POINT('Origin',(18.8999995775521,-12.6999997161329,3.26));
#1514=CARTESIAN_POINT('',(10.8999995775521,-12.6999997161329,3.89025897924637));
#1515=CARTESIAN_POINT('',(43.8999995775521,-12.6999997161329,3.89025897924637));
#1516=CARTESIAN_POINT('',(10.8999995775521,-12.6999997161329,5.99025897924637));
#1517=CARTESIAN_POINT('',(10.8999995775521,-12.6999997161329,4.10012948962319));
#1518=CARTESIAN_POINT('',(64.8999995775521,-12.6999997161329,5.99025897924637));
#1519=CARTESIAN_POINT('',(43.8999995775521,-12.6999997161329,5.99025897924637));
#1520=CARTESIAN_POINT('',(64.8999995775521,-12.6999997161329,10.26));
#1521=CARTESIAN_POINT('',(64.8999995775521,-12.6999997161329,3.26));
#1522=CARTESIAN_POINT('',(2.46756319260022,-12.6999997161329,10.26));
#1523=CARTESIAN_POINT('',(13.4675631926002,-12.6999997161329,10.26));
#1524=CARTESIAN_POINT('',(2.46756319260022,-12.6999997161329,3.26));
#1525=CARTESIAN_POINT('',(2.46756319260022,-12.6999997161329,3.26));
#1526=CARTESIAN_POINT('',(6.51999999999999,-12.6999997161329,3.26));
#1527=CARTESIAN_POINT('',(13.4675631926002,-12.6999997161329,3.26));
#1528=CARTESIAN_POINT('',(6.51999999999999,-12.6999997161329,-3.46944695195361E-16));
#1529=CARTESIAN_POINT('',(6.51999999999999,-12.6999997161329,3.26));
#1530=CARTESIAN_POINT('',(6.49999985471368,-12.6999997161329,-3.46944695195361E-16));
#1531=CARTESIAN_POINT('Origin',(68.8999995775521,12.6999997161329,3.89025897924637));
#1532=CARTESIAN_POINT('',(68.8999995775521,8.69999971613288,3.89025897924637));
#1533=CARTESIAN_POINT('',(68.8999995775521,12.6999997161329,3.89025897924637));
#1534=CARTESIAN_POINT('',(64.8999995775521,12.6999997161329,3.89025897924637));
#1535=CARTESIAN_POINT('Origin',(64.8999995775521,8.69999971613288,3.89025897924637));
#1536=CARTESIAN_POINT('',(10.8999995775521,12.6999997161329,3.89025897924637));
#1537=CARTESIAN_POINT('',(37.709999788776,12.6999997161329,3.89025897924637));
#1538=CARTESIAN_POINT('',(10.8999995775521,12.6999997161329,3.89025897924637));
#1539=CARTESIAN_POINT('Origin',(64.8999995775521,-8.69999971613288,3.26));
#1540=CARTESIAN_POINT('',(68.8999995775521,-8.69999971613288,10.26));
#1541=CARTESIAN_POINT('Origin',(64.8999995775521,-8.69999971613288,10.26));
#1542=CARTESIAN_POINT('',(68.8999995775521,-8.69999971613288,5.99025897924637));
#1543=CARTESIAN_POINT('Origin',(64.8999995775521,-8.69999971613288,5.99025897924637));
#1544=CARTESIAN_POINT('',(68.8999995775521,-8.69999971613288,3.26));
#1545=CARTESIAN_POINT('Origin',(68.8999995775521,12.6999997161329,3.26));
#1546=CARTESIAN_POINT('',(68.8999995775521,8.69999971613288,5.99025897924637));
#1547=CARTESIAN_POINT('',(68.8999995775521,0.,5.99025897924637));
#1548=CARTESIAN_POINT('',(68.8999995775521,8.69999971613288,10.26));
#1549=CARTESIAN_POINT('',(68.8999995775521,8.69999971613288,3.26));
#1550=CARTESIAN_POINT('',(68.8999995775521,12.6999997161329,10.26));
#1551=CARTESIAN_POINT('Origin',(68.8999995775521,-12.6999997161329,5.99025897924637));
#1552=CARTESIAN_POINT('',(10.8999995775521,12.6999997161329,5.99025897924637));
#1553=CARTESIAN_POINT('',(10.8999995775521,-12.6999997161329,5.99025897924637));
#1554=CARTESIAN_POINT('',(64.8999995775521,12.6999997161329,5.99025897924637));
#1555=CARTESIAN_POINT('',(37.709999788776,12.6999997161329,5.99025897924637));
#1556=CARTESIAN_POINT('Origin',(64.8999995775521,8.69999971613288,5.99025897924637));
#1557=CARTESIAN_POINT('Origin',(64.8999995775521,8.69999971613288,3.26));
#1558=CARTESIAN_POINT('',(68.8999995775521,8.69999971613288,-2.77555756156289E-16));
#1559=CARTESIAN_POINT('',(64.8999995775521,12.6999997161329,-3.46944695195361E-16));
#1560=CARTESIAN_POINT('Origin',(64.8999995775521,8.69999971613288,-5.55111512312578E-16));
#1561=CARTESIAN_POINT('',(64.8999995775521,12.6999997161329,3.26));
#1562=CARTESIAN_POINT('',(68.8999995775521,8.69999971613288,3.26));
#1563=CARTESIAN_POINT('Origin',(6.51999999999998,12.6999997161329,3.26));
#1564=CARTESIAN_POINT('',(6.51999999999998,12.6999997161329,-3.46944695195361E-16));
#1565=CARTESIAN_POINT('',(18.8999995775521,12.6999997161329,-3.46944695195361E-16));
#1566=CARTESIAN_POINT('',(6.51999999999998,12.6999997161329,3.26));
#1567=CARTESIAN_POINT('',(6.51999999999998,12.6999997161329,3.26));
#1568=CARTESIAN_POINT('',(2.46756319260022,12.6999997161329,3.26));
#1569=CARTESIAN_POINT('',(13.4675631926002,12.6999997161329,3.26));
#1570=CARTESIAN_POINT('',(2.46756319260022,12.6999997161329,10.26));
#1571=CARTESIAN_POINT('',(2.46756319260022,12.6999997161329,3.26));
#1572=CARTESIAN_POINT('',(64.8999995775521,12.6999997161329,10.26));
#1573=CARTESIAN_POINT('',(13.4675631926002,12.6999997161329,10.26));
#1574=CARTESIAN_POINT('',(64.8999995775521,12.6999997161329,3.26));
#1575=CARTESIAN_POINT('',(10.8999995775521,12.6999997161329,4.10012948962319));
#1576=CARTESIAN_POINT('Origin',(64.8999995775521,8.69999971613288,3.26));
#1577=CARTESIAN_POINT('Origin',(64.8999995775521,8.69999971613288,10.26));
#1578=CARTESIAN_POINT('Origin',(10.8999995775521,0.,4.94025897924637));
#1579=CARTESIAN_POINT('Origin',(68.8999995775521,12.6999997161329,3.26));
#1580=CARTESIAN_POINT('',(68.8999995775521,6.34999985806644,-2.77555756156289E-16));
#1581=CARTESIAN_POINT('Origin',(13.4675631926002,12.6999997161329,3.26));
#1582=CARTESIAN_POINT('',(6.51999999999998,12.7,3.26));
#1583=CARTESIAN_POINT('',(2.46756319260022,6.34999985806644,3.26));
#1584=CARTESIAN_POINT('Origin',(2.46756319260022,12.6999997161329,3.26));
#1585=CARTESIAN_POINT('',(2.46756319260022,-12.6999997161329,10.26));
#1586=CARTESIAN_POINT('Origin',(41.1837813850762,0.,10.26));
#1587=CARTESIAN_POINT('Origin',(12.709999788776,0.,-3.46944695195361E-16));
#1588=CARTESIAN_POINT('',(6.51999999999998,12.7,-3.46944695195361E-16));
#1589=CARTESIAN_POINT('Origin',(6.51999999999999,-12.6999997161329,3.26));
#1590=CARTESIAN_POINT('Origin',(1.73472347597681E-15,12.7,3.25999999999999));
#1591=CARTESIAN_POINT('',(-1.80537084611239E-14,12.7,8.89712174181138));
#1592=CARTESIAN_POINT('',(-9.54097911787244E-15,12.7,6.51999999999998));
#1593=CARTESIAN_POINT('',(1.30104260698261E-14,12.7,-1.13822291646286E-14));
#1594=CARTESIAN_POINT('',(3.2600000000047,12.7,8.89712174181139));
#1595=CARTESIAN_POINT('',(-0.00100000000664282,12.7000000000012,8.89712174181138));
#1596=CARTESIAN_POINT('',(3.25999999999999,12.7,6.51999999999999));
#1597=CARTESIAN_POINT('',(3.26,12.7,3.26));
#1598=CARTESIAN_POINT('',(-9.64750568865177E-15,12.7,6.51999999999998));
#1599=CARTESIAN_POINT('Origin',(6.51999999999999,-12.7,6.52));
#1600=CARTESIAN_POINT('',(6.51999999999999,-12.7,3.46944695195361E-15));
#1601=CARTESIAN_POINT('',(6.51999999999998,12.7,0.));
#1602=CARTESIAN_POINT('',(6.51999999999999,-12.7,3.46944695195361E-15));
#1603=CARTESIAN_POINT('',(-9.59424240326211E-15,-12.7,6.51999999999998));
#1604=CARTESIAN_POINT('Origin',(6.51999999999999,-12.7,6.52));
#1605=CARTESIAN_POINT('',(-9.54097911787244E-15,12.7,6.51999999999998));
#1606=CARTESIAN_POINT('Origin',(6.51999999999999,12.7,6.52));
#1607=CARTESIAN_POINT('Ctrl Pts',(-1.80536602377782E-14,12.7000000000012,
8.89712174181138));
#1608=CARTESIAN_POINT('Ctrl Pts',(3.91200000000565,12.6999999999998,8.89712174181139));
#1609=CARTESIAN_POINT('Ctrl Pts',(-2.49925541416854E-14,12.7000000000012,
10.972872855371));
#1610=CARTESIAN_POINT('Ctrl Pts',(3.91200000000564,12.6999999999998,10.972872855371));
#1611=CARTESIAN_POINT('Ctrl Pts',(-8.01281309641307E-13,10.6187931694831,
11.9824347409212));
#1612=CARTESIAN_POINT('Ctrl Pts',(3.91200000000486,10.6187931694816,11.9824347409213));
#1613=CARTESIAN_POINT('Ctrl Pts',(-1.41927654795804E-12,8.95852872459453,
12.5337518055449));
#1614=CARTESIAN_POINT('Ctrl Pts',(3.91200000000425,8.95852872459308,12.5337518055449));
#1615=CARTESIAN_POINT('Ctrl Pts',(-2.10535968270687E-12,7.12543005021212,
14.1647854349791));
#1616=CARTESIAN_POINT('Ctrl Pts',(3.91200000000356,7.12543005021066,14.1647854349791));
#1617=CARTESIAN_POINT('Ctrl Pts',(-2.36123139541345E-12,6.45507730215285,
16.1383882386931));
#1618=CARTESIAN_POINT('Ctrl Pts',(3.9120000000033,6.4550773021514,16.1383882386931));
#1619=CARTESIAN_POINT('Ctrl Pts',(-2.40373212057488E-12,6.35000000000121,
17.1803041003807));
#1620=CARTESIAN_POINT('Ctrl Pts',(3.91200000000326,6.34999999999976,17.1803041003807));
#1621=CARTESIAN_POINT('Ctrl Pts',(-2.40893629100281E-12,6.35000000000121,
18.6771791733214));
#1622=CARTESIAN_POINT('Ctrl Pts',(3.91200000000326,6.34999999999976,18.6771791733214));
#1623=CARTESIAN_POINT('',(-1.20848096408902E-13,6.35000000000121,18.6771791733214));
#1624=CARTESIAN_POINT('',(3.26000000000231,6.35,18.6771791733214));
#1625=CARTESIAN_POINT('',(-0.00100000000903371,6.35000000000121,18.6771791733214));
#1626=CARTESIAN_POINT('Ctrl Pts',(3.2600000000047,12.7,8.89712174181139));
#1627=CARTESIAN_POINT('Ctrl Pts',(3.26000000000469,12.7,10.972872855371));
#1628=CARTESIAN_POINT('Ctrl Pts',(3.26000000000391,10.6187931694819,11.9824347409212));
#1629=CARTESIAN_POINT('Ctrl Pts',(3.26000000000329,8.95852872459332,12.5337518055449));
#1630=CARTESIAN_POINT('Ctrl Pts',(3.26000000000261,7.12543005021091,14.1647854349791));
#1631=CARTESIAN_POINT('Ctrl Pts',(3.26000000000235,6.45507730215164,16.1383882386931));
#1632=CARTESIAN_POINT('Ctrl Pts',(3.26000000000231,6.35,17.1803041003807));
#1633=CARTESIAN_POINT('Ctrl Pts',(3.26000000000231,6.35,18.6771791733214));
#1634=CARTESIAN_POINT('Ctrl Pts',(-1.20848096408902E-13,6.35000000000121,
18.6771791733214));
#1635=CARTESIAN_POINT('Ctrl Pts',(2.31011846276081E-12,6.35000000000121,
17.1803041003807));
#1636=CARTESIAN_POINT('Ctrl Pts',(2.35261918792224E-12,6.45507730215285,
16.1383882386931));
#1637=CARTESIAN_POINT('Ctrl Pts',(2.60849090062882E-12,7.12543005021212,
14.1647854349791));
#1638=CARTESIAN_POINT('Ctrl Pts',(3.29457403537765E-12,8.95852872459453,
12.5337518055449));
#1639=CARTESIAN_POINT('Ctrl Pts',(3.91256927369439E-12,10.6187931694831,
11.9824347409212));
#1640=CARTESIAN_POINT('Ctrl Pts',(4.68885802919401E-12,12.7000000000012,
10.972872855371));
#1641=CARTESIAN_POINT('Ctrl Pts',(-1.80537084611239E-14,12.7,8.89712174181138));
#1642=CARTESIAN_POINT('Origin',(6.51999999999999,-12.7,6.52));
#1643=CARTESIAN_POINT('',(3.26,-12.7,6.51999999999999));
#1644=CARTESIAN_POINT('',(6.51999999999999,-12.7,3.26));
#1645=CARTESIAN_POINT('Origin',(6.51999999999999,-12.7,6.52));
#1646=CARTESIAN_POINT('',(3.25999999999999,-12.7,6.51999999999999));
#1647=CARTESIAN_POINT('',(6.51999999999999,-12.7,3.26));
#1648=CARTESIAN_POINT('Ctrl Pts',(-1.03774665049334E-13,-12.7000000000012,
8.89712174181138));
#1649=CARTESIAN_POINT('Ctrl Pts',(3.91200000000566,-12.6999999999998,8.89712174181139));
#1650=CARTESIAN_POINT('Ctrl Pts',(-1.10713558953241E-13,-12.7000000000012,
10.972872855371));
#1651=CARTESIAN_POINT('Ctrl Pts',(3.91200000000566,-12.6999999999998,10.972872855371));
#1652=CARTESIAN_POINT('Ctrl Pts',(-8.87002314452863E-13,-10.6187931694831,
11.9824347409212));
#1653=CARTESIAN_POINT('Ctrl Pts',(3.91200000000488,-10.6187931694816,11.9824347409213));
#1654=CARTESIAN_POINT('Ctrl Pts',(-1.5049975527696E-12,-8.95852872459453,
12.5337518055449));
#1655=CARTESIAN_POINT('Ctrl Pts',(3.91200000000426,-8.95852872459308,12.5337518055449));
#1656=CARTESIAN_POINT('Ctrl Pts',(-2.19108068751843E-12,-7.12543005021212,
14.1647854349791));
#1657=CARTESIAN_POINT('Ctrl Pts',(3.91200000000358,-7.12543005021066,14.1647854349791));
#1658=CARTESIAN_POINT('Ctrl Pts',(-2.44695240022501E-12,-6.45507730215285,
16.1383882386931));
#1659=CARTESIAN_POINT('Ctrl Pts',(3.91200000000332,-6.4550773021514,16.1383882386931));
#1660=CARTESIAN_POINT('Ctrl Pts',(-2.48945312538644E-12,-6.35000000000121,
17.1803041003807));
#1661=CARTESIAN_POINT('Ctrl Pts',(3.91200000000328,-6.34999999999976,17.1803041003807));
#1662=CARTESIAN_POINT('Ctrl Pts',(-2.49465729581437E-12,-6.35000000000121,
18.6771791733214));
#1663=CARTESIAN_POINT('Ctrl Pts',(3.91200000000327,-6.34999999999976,18.6771791733214));
#1664=CARTESIAN_POINT('',(3.5003556077154E-12,-6.35000000000121,18.6771791733214));
#1665=CARTESIAN_POINT('',(-1.03774665049334E-13,-12.7000000000012,8.89712174181138));
#1666=CARTESIAN_POINT('Ctrl Pts',(3.5003556077154E-12,-6.35000000000121,
18.6771791733214));
#1667=CARTESIAN_POINT('Ctrl Pts',(2.31011846276081E-12,-6.35000000000121,
17.1803041003807));
#1668=CARTESIAN_POINT('Ctrl Pts',(2.35261918792224E-12,-6.45507730215285,
16.1383882386931));
#1669=CARTESIAN_POINT('Ctrl Pts',(2.60849090062882E-12,-7.12543005021212,
14.1647854349791));
#1670=CARTESIAN_POINT('Ctrl Pts',(3.29457403537765E-12,-8.95852872459453,
12.5337518055449));
#1671=CARTESIAN_POINT('Ctrl Pts',(3.91256927369439E-12,-10.6187931694831,
11.9824347409212));
#1672=CARTESIAN_POINT('Ctrl Pts',(4.68885802919401E-12,-12.7000000000012,
10.972872855371));
#1673=CARTESIAN_POINT('Ctrl Pts',(-1.03774665049334E-13,-12.7000000000012,
8.89712174181138));
#1674=CARTESIAN_POINT('',(3.2600000000047,-12.7,8.89712174181139));
#1675=CARTESIAN_POINT('',(-0.00100000000664282,-12.7000000000012,8.89712174181138));
#1676=CARTESIAN_POINT('',(3.26000000000231,-6.35,18.6771791733214));
#1677=CARTESIAN_POINT('Ctrl Pts',(3.2600000000047,-12.7,8.89712174181139));
#1678=CARTESIAN_POINT('Ctrl Pts',(3.26000000000469,-12.7,10.972872855371));
#1679=CARTESIAN_POINT('Ctrl Pts',(3.26000000000391,-10.6187931694819,11.9824347409212));
#1680=CARTESIAN_POINT('Ctrl Pts',(3.26000000000329,-8.95852872459332,12.5337518055449));
#1681=CARTESIAN_POINT('Ctrl Pts',(3.26000000000261,-7.12543005021091,14.1647854349791));
#1682=CARTESIAN_POINT('Ctrl Pts',(3.26000000000235,-6.45507730215164,16.1383882386931));
#1683=CARTESIAN_POINT('Ctrl Pts',(3.26000000000231,-6.35,17.1803041003807));
#1684=CARTESIAN_POINT('Ctrl Pts',(3.26000000000231,-6.35,18.6771791733214));
#1685=CARTESIAN_POINT('',(-0.00100000000903371,-6.35000000000121,18.6771791733214));
#1686=CARTESIAN_POINT('Origin',(6.51999999999999,12.7,6.52));
#1687=CARTESIAN_POINT('',(6.51999999999998,12.7,3.26));
#1688=CARTESIAN_POINT('Origin',(6.51999999999999,12.7,6.52));
#1689=CARTESIAN_POINT('',(6.51999999999999,12.7,3.26));
#1690=CARTESIAN_POINT('Origin',(-1.89518539750466E-13,-12.7,58.));
#1691=CARTESIAN_POINT('',(1.30104260698261E-14,-12.7,-1.13822291646286E-14));
#1692=CARTESIAN_POINT('',(3.25999999999981,-12.7,58.));
#1693=CARTESIAN_POINT('Origin',(6.51999999999999,-12.7,6.52));
#1694=CARTESIAN_POINT('',(6.51999999999999,-12.7,3.26));
#1695=CARTESIAN_POINT('',(3.25999999999999,12.7,6.51999999999999));
#1696=CARTESIAN_POINT('Origin',(29.2192555726976,6.34999999999518,68.330761914954));
#1697=CARTESIAN_POINT('',(3.26000000000219,6.35,52.1235136710517));
#1698=CARTESIAN_POINT('',(-1.55257751099924E-13,6.34999999999962,52.1235136710517));
#1699=CARTESIAN_POINT('',(3.26000000000214,6.34999999999962,52.1235136710517));
#1700=CARTESIAN_POINT('',(3.26000000000217,6.35,58.));
#1701=CARTESIAN_POINT('',(-1.89495458102653E-13,6.35000000000121,58.));
#1702=CARTESIAN_POINT('Origin',(3.26000000000001,0.,4.5171146659026E-29));
#1703=CARTESIAN_POINT('',(3.26000000000219,-6.35,52.1235136710517));
#1704=CARTESIAN_POINT('',(3.25999999999913,-6.35000000000038,52.1235136710517));
#1705=CARTESIAN_POINT('',(3.26000000000217,-6.35,58.));
#1706=CARTESIAN_POINT('Origin',(29.2192555726953,-6.35000000000481,68.330761914954));
#1707=CARTESIAN_POINT('',(-8.72565908416334E-13,-6.3499999999991,52.1235136710517));
#1708=CARTESIAN_POINT('',(3.25999999999913,-6.34999999999987,52.1235136710517));
#1709=CARTESIAN_POINT('',(-1.89495458102653E-13,-6.35000000000121,58.));
#1710=CARTESIAN_POINT('Origin',(1.30104260698261E-14,0.,-1.13822291646286E-14));
#1711=CARTESIAN_POINT('',(-8.72565908416334E-13,-6.34999999999961,52.1235136710517));
#1712=CARTESIAN_POINT('Origin',(125.83365051489,37.5,85.0000000000004));
#1713=CARTESIAN_POINT('',(31.7364344835215,-21.3500000000052,85.0000000000001));
#1714=CARTESIAN_POINT('',(31.7364344835185,-37.5,85.0000000000001));
#1715=CARTESIAN_POINT('',(31.7364344835289,18.7500000000058,85.0000000000001));
#1716=CARTESIAN_POINT('',(39.9263820737081,-21.3500000000069,85.0000000000001));
#1717=CARTESIAN_POINT('',(32.4792555726964,-21.3500000000054,85.0000000000001));
#1718=CARTESIAN_POINT('',(39.9263820737051,-37.5,85.0000000000001));
#1719=CARTESIAN_POINT('',(39.9263820737155,18.7500000000043,85.0000000000001));
#1720=CARTESIAN_POINT('',(125.83365051489,-37.5,85.0000000000004));
#1721=CARTESIAN_POINT('Ctrl Pts',(19.9792555726937,6.34999999999689,68.75));
#1722=CARTESIAN_POINT('Ctrl Pts',(51.9436939051636,6.34999999999095,68.7500000000002));
#1723=CARTESIAN_POINT('Ctrl Pts',(19.9792555726936,6.34999999999689,71.875));
#1724=CARTESIAN_POINT('Ctrl Pts',(51.9436939051636,6.34999999999095,71.8750000000002));
#1725=CARTESIAN_POINT('Ctrl Pts',(19.9792555726936,6.34999999999689,75.));
#1726=CARTESIAN_POINT('Ctrl Pts',(51.9436939051636,6.34999999999095,75.0000000000002));
#1727=CARTESIAN_POINT('Ctrl Pts',(19.9792555726936,6.34999999999689,85.));
#1728=CARTESIAN_POINT('Ctrl Pts',(51.9436939051636,6.34999999999095,85.0000000000002));
#1729=CARTESIAN_POINT('Ctrl Pts',(19.9792555726964,21.3499999999969,85.));
#1730=CARTESIAN_POINT('Ctrl Pts',(51.9436939051664,21.349999999991,85.0000000000002));
#1731=CARTESIAN_POINT('',(45.6998847656096,6.34999999999212,75.0000000000001));
#1732=CARTESIAN_POINT('',(39.926382073716,21.3499999999931,85.0000000000001));
#1733=CARTESIAN_POINT('Ctrl Pts',(45.6998847656095,6.34999999999211,75.0000000000001));
#1734=CARTESIAN_POINT('Ctrl Pts',(45.4021380313438,6.34999999999217,75.515712471536));
#1735=CARTESIAN_POINT('Ctrl Pts',(45.1060321311963,6.40983664605802,76.0285829350145));
#1736=CARTESIAN_POINT('Ctrl Pts',(44.5025863612781,6.65324082423155,77.0737816681253));
#1737=CARTESIAN_POINT('Ctrl Pts',(44.1992149302352,6.8434975821252,77.5992364002546));
#1738=CARTESIAN_POINT('Ctrl Pts',(43.2537359960469,7.64618099506929,79.236853951755));
#1739=CARTESIAN_POINT('Ctrl Pts',(42.6700137049414,8.47565877998037,80.2478906177349));
#1740=CARTESIAN_POINT('Ctrl Pts',(41.5249731580774,10.7758552777201,82.2311590216306));
#1741=CARTESIAN_POINT('Ctrl Pts',(40.9944095870584,12.4046986283738,83.1501220831641));
#1742=CARTESIAN_POINT('Ctrl Pts',(40.1511079199107,16.4964330962754,84.6107634167727));
#1743=CARTESIAN_POINT('Ctrl Pts',(39.9263820737156,18.933691089899,85.0000000000001));
#1744=CARTESIAN_POINT('Ctrl Pts',(39.926382073716,21.3499999999931,85.0000000000001));
#1745=CARTESIAN_POINT('',(37.5099371754229,6.34999999999364,75.0000000000001));
#1746=CARTESIAN_POINT('',(32.4792555726976,6.34999999999457,75.0000000000001));
#1747=CARTESIAN_POINT('',(31.7364344835294,21.3499999999947,85.0000000000001));
#1748=CARTESIAN_POINT('Ctrl Pts',(31.7364344835294,21.3499999999947,85.0000000000001));
#1749=CARTESIAN_POINT('Ctrl Pts',(31.7364344835292,20.0664493172968,85.0000000000001));
#1750=CARTESIAN_POINT('Ctrl Pts',(31.7998468787411,18.7796047472291,84.8901665096631));
#1751=CARTESIAN_POINT('Ctrl Pts',(32.0592302743915,16.2263293195619,84.4409012897561));
#1752=CARTESIAN_POINT('Ctrl Pts',(32.2599041083636,14.9547000579387,84.0933240128564));
#1753=CARTESIAN_POINT('Ctrl Pts',(32.8897100203337,12.169906676715,83.0024681744161));
#1754=CARTESIAN_POINT('Ctrl Pts',(33.3731078631591,10.696316144024,82.1651985510826));
#1755=CARTESIAN_POINT('Ctrl Pts',(34.4714746489715,8.49536762585469,80.2627714727087));
#1756=CARTESIAN_POINT('Ctrl Pts',(35.0365123514926,7.68633201142389,79.2840974637499));
#1757=CARTESIAN_POINT('Ctrl Pts',(36.2339983167756,6.63865477526303,77.2099909305287));
#1758=CARTESIAN_POINT('Ctrl Pts',(36.8364442292832,6.36617105682585,76.1665240012417));
#1759=CARTESIAN_POINT('Ctrl Pts',(37.4678485911758,6.35035717025473,75.0728995663231));
#1760=CARTESIAN_POINT('Ctrl Pts',(37.4797611548772,6.34999999999364,75.0522664007556));
#1761=CARTESIAN_POINT('Ctrl Pts',(37.5099371754229,6.34999999999363,75.0000000000001));
#1762=CARTESIAN_POINT('',(35.7392555727004,21.3499999999939,85.0000000000001));
#1763=CARTESIAN_POINT('Origin',(29.2192555726976,6.34999999999518,68.330761914954));
#1764=CARTESIAN_POINT('',(30.0630056597319,6.34999999999502,65.1818437212516));
#1765=CARTESIAN_POINT('',(4.83249982593372,6.34999999999925,58.4213500584565));
#1766=CARTESIAN_POINT('',(-15.125371495202,6.35000000000342,53.0736545553138));
#1767=CARTESIAN_POINT('',(30.9067557467661,6.34999999999486,62.0329255275493));
#1768=CARTESIAN_POINT('',(30.0630056597319,6.34999999999502,65.1818437212516));
#1769=CARTESIAN_POINT('',(5.67624991296796,6.34999999999905,55.2724318647541));
#1770=CARTESIAN_POINT('',(3.26000000000218,6.35,54.6249996518632));
#1771=CARTESIAN_POINT('',(4.83249982593372,6.34999999999971,58.4213500584565));
#1772=CARTESIAN_POINT('Origin',(31.9845675599845,-36.7499999999999,89.346200797336));
#1773=CARTESIAN_POINT('',(37.1839682950545,-36.75,89.7500000000001));
#1774=CARTESIAN_POINT('',(34.9339682950545,-36.7499999999996,93.6471143170301));
#1775=CARTESIAN_POINT('Origin',(36.0589682950604,-36.7499999999998,91.6985571585185));
#1776=CARTESIAN_POINT('',(28.7915076024145,-36.7499999999998,90.1007629826477));
#1777=CARTESIAN_POINT('',(30.8595675599845,-36.7499999999997,91.294757955851));
#1778=CARTESIAN_POINT('',(31.0415076024145,-36.7500000000002,86.2036486656177));
#1779=CARTESIAN_POINT('Origin',(29.9165076024205,-36.75,88.1522058241361));
#1780=CARTESIAN_POINT('',(33.1095675599845,-36.7500000000001,87.397643638821));
#1781=CARTESIAN_POINT('Origin',(29.2192555726976,6.34999999999518,68.330761914954));
#1782=CARTESIAN_POINT('Origin',(6.52000000000222,6.34999999999885,52.1235136710517));
#1783=CARTESIAN_POINT('Origin',(6.52000000000222,6.34999999999885,52.1235136710517));
#1784=CARTESIAN_POINT('Origin',(29.2192555726976,6.34999999999518,68.330761914954));
#1785=CARTESIAN_POINT('',(39.2970583142063,6.34999999999331,71.9046153883469));
#1786=CARTESIAN_POINT('',(37.3175655849033,6.34999999999367,67.1256971946446));
#1787=CARTESIAN_POINT('Origin',(36.4738154978691,6.34999999999383,70.2746153883469));
#1788=CARTESIAN_POINT('',(74.140219136543,6.34999999998684,11.5544905477669));
#1789=CARTESIAN_POINT('',(45.9530037993083,6.34999999999207,74.5615849732711));
#1790=CARTESIAN_POINT('',(63.719182115876,6.34999999998877,43.7896614726476));
#1791=CARTESIAN_POINT('',(41.9940183407023,6.3499999999928,65.0037485858664));
#1792=CARTESIAN_POINT('Origin',(40.3065181666338,6.34999999999312,71.3015849732711));
#1793=CARTESIAN_POINT('',(8.31256716929918,6.34999999999906,55.9788309445803));
#1794=CARTESIAN_POINT('',(-15.125371495202,6.35000000000342,53.0736545553138));
#1795=CARTESIAN_POINT('Origin',(33.6540339966869,21.6999999999998,91.0156672340316));
#1796=CARTESIAN_POINT('',(34.9034347317663,21.7,93.7000000000001));
#1797=CARTESIAN_POINT('',(36.6034347317663,21.6999999999997,90.755513627133));
#1798=CARTESIAN_POINT('Origin',(35.7534347317628,21.6999999999998,92.2277568135645));
#1799=CARTESIAN_POINT('',(30.4609740391264,21.6999999999995,87.2091622927506));
#1800=CARTESIAN_POINT('',(34.504033996687,21.6999999999996,89.5434240475981));
#1801=CARTESIAN_POINT('',(28.7609740391264,21.6999999999998,90.1536486656177));
#1802=CARTESIAN_POINT('Origin',(29.6109740391229,21.6999999999997,88.6814054791822));
#1803=CARTESIAN_POINT('',(32.8040339966869,21.6999999999999,92.4879104204651));
#1804=CARTESIAN_POINT('Origin',(35.7392555726964,-22.5,92.0000000000002));
#1805=CARTESIAN_POINT('',(28.9060077679039,-22.9957479356479,89.9024428785496));
#1806=CARTESIAN_POINT('Origin',(29.7056454292709,-22.4192406526184,88.5174298214166));
#1807=CARTESIAN_POINT('',(35.0488812155161,-23.0779697628598,93.4480793003489));
#1808=CARTESIAN_POINT('',(34.9339917253611,-23.0764319770193,93.3817656501899));
#1809=CARTESIAN_POINT('Origin',(35.8485188768831,-22.5014624798303,92.0630662432159));
#1810=CARTESIAN_POINT('Origin',(6.51999999999921,-6.35000000000115,52.1235136710517));
#1811=CARTESIAN_POINT('',(5.67624991296495,-6.35000000000045,55.2724318647541));
#1812=CARTESIAN_POINT('',(5.67624991296796,6.34999999999691,55.2724318647541));
#1813=CARTESIAN_POINT('Origin',(6.51999999999921,-6.35000000000065,52.1235136710517));
#1814=CARTESIAN_POINT('Origin',(34.504033996687,23.2999999999996,89.5434240475979));
#1815=CARTESIAN_POINT('',(36.6034347317666,23.2999999999997,90.755513627133));
#1816=CARTESIAN_POINT('',(36.6034347317645,11.6499999999962,90.755513627133));
#1817=CARTESIAN_POINT('',(30.4609740391267,23.2999999999995,87.2091622927506));
#1818=CARTESIAN_POINT('',(34.504033996687,23.2999999999996,89.5434240475979));
#1819=CARTESIAN_POINT('',(30.4609740391245,11.6499999999974,87.2091622927506));
#1820=CARTESIAN_POINT('Origin',(125.83365051489,-37.5,92.0000000000004));
#1821=CARTESIAN_POINT('',(31.8434783050503,-37.5,99.0000000000001));
#1822=CARTESIAN_POINT('Origin',(35.8849301893777,-37.5,92.0000000000001));
#1823=CARTESIAN_POINT('',(23.6535307148637,-37.5,99.0000000000001));
#1824=CARTESIAN_POINT('',(125.83365051489,-37.5,99.0000000000004));
#1825=CARTESIAN_POINT('Origin',(27.6949825991911,-37.5,92.0000000000001));
#1826=CARTESIAN_POINT('Origin',(125.83365051489,37.5,85.0000000000004));
#1827=CARTESIAN_POINT('',(39.926382073719,37.5,85.0000000000001));
#1828=CARTESIAN_POINT('',(39.9263820737155,18.7500000000043,85.0000000000001));
#1829=CARTESIAN_POINT('',(31.7364344835324,37.5,85.0000000000001));
#1830=CARTESIAN_POINT('',(31.7364344835289,18.7500000000058,85.0000000000001));
#1831=CARTESIAN_POINT('',(125.83365051489,37.5,85.0000000000004));
#1832=CARTESIAN_POINT('Origin',(32.804033996687,23.2999999999999,92.487910420465));
#1833=CARTESIAN_POINT('',(34.9034347317666,23.3,93.7000000000001));
#1834=CARTESIAN_POINT('',(34.9034347317644,11.6499999999965,93.7000000000001));
#1835=CARTESIAN_POINT('',(28.7609740391267,23.2999999999998,90.1536486656177));
#1836=CARTESIAN_POINT('',(28.7609740391245,11.6499999999977,90.1536486656177));
#1837=CARTESIAN_POINT('',(32.804033996687,23.2999999999999,92.487910420465));
#1838=CARTESIAN_POINT('Origin',(125.83365051489,37.5,99.0000000000004));
#1839=CARTESIAN_POINT('',(31.8434783050642,37.5,99.0000000000001));
#1840=CARTESIAN_POINT('',(31.8434783050607,18.7500000000058,99.0000000000001));
#1841=CARTESIAN_POINT('',(23.6535307148776,37.5,99.0000000000001));
#1842=CARTESIAN_POINT('',(125.83365051489,37.5,99.0000000000004));
#1843=CARTESIAN_POINT('',(23.6535307148741,18.7500000000073,99.0000000000001));
#1844=CARTESIAN_POINT('Origin',(33.1095675599845,-38.2500000000001,87.3976436388212));
#1845=CARTESIAN_POINT('',(37.1839682950542,-38.25,89.7500000000001));
#1846=CARTESIAN_POINT('',(37.1839682950578,-19.1250000000039,89.7500000000001));
#1847=CARTESIAN_POINT('',(31.0415076024143,-38.2500000000002,86.2036486656177));
#1848=CARTESIAN_POINT('',(31.0415076024178,-19.1250000000027,86.2036486656177));
#1849=CARTESIAN_POINT('',(33.1095675599845,-38.2500000000001,87.3976436388212));
#1850=CARTESIAN_POINT('Origin',(35.7392555726964,37.5000000000001,92.0000000000002));
#1851=CARTESIAN_POINT('',(30.7089477330054,38.5481228716636,86.7796592560171));
#1852=CARTESIAN_POINT('Origin',(29.7059990665444,37.5288616344668,88.5168173037106));
#1853=CARTESIAN_POINT('',(36.8514611392966,38.5187385787103,90.3259192876773));
#1854=CARTESIAN_POINT('',(36.745835341665,38.519243866884,90.264938298353));
#1855=CARTESIAN_POINT('Origin',(35.8485124728356,37.4994773415135,92.0630773353707));
#1856=CARTESIAN_POINT('Origin',(30.8595675599845,-38.2499999999997,91.2947579558511));
#1857=CARTESIAN_POINT('',(34.9339682950542,-38.2499999999996,93.6471143170301));
#1858=CARTESIAN_POINT('',(34.9339682950578,-19.1250000000035,93.6471143170301));
#1859=CARTESIAN_POINT('',(28.7915076024143,-38.2499999999998,90.1007629826477));
#1860=CARTESIAN_POINT('',(30.8595675599845,-38.2499999999997,91.2947579558511));
#1861=CARTESIAN_POINT('',(28.7915076024178,-19.1250000000023,90.1007629826477));
#1862=CARTESIAN_POINT('Origin',(33.654033996687,23.2999999999998,91.0156672340315));
#1863=CARTESIAN_POINT('Origin',(35.7534347317628,23.2999999999998,92.2277568135644));
#1864=CARTESIAN_POINT('Origin',(29.6109740391229,23.2999999999997,88.681405479182));
#1865=CARTESIAN_POINT('Origin',(6.51999999999921,-6.35000000000115,52.1235136710517));
#1866=CARTESIAN_POINT('',(4.83249982593075,-6.35000000000029,58.4213500584563));
#1867=CARTESIAN_POINT('Origin',(6.51999999999921,-6.35000000000065,52.1235136710517));
#1868=CARTESIAN_POINT('',(4.83249982593372,6.34999999999706,58.4213500584565));
#1869=CARTESIAN_POINT('Origin',(29.2192555726953,-6.35000000000481,68.330761914954));
#1870=CARTESIAN_POINT('',(5.67624991296499,-6.35000000000045,55.272431864754));
#1871=CARTESIAN_POINT('Origin',(31.9845675599845,-38.2499999999999,89.3462007973362));
#1872=CARTESIAN_POINT('Origin',(36.0589682950604,-38.2499999999998,91.6985571585186));
#1873=CARTESIAN_POINT('Origin',(29.9165076024204,-38.25,88.1522058241362));
#1874=CARTESIAN_POINT('Origin',(125.83365051489,37.5,92.0000000000004));
#1875=CARTESIAN_POINT('Origin',(35.8849301893916,37.5,92.0000000000001));
#1876=CARTESIAN_POINT('Origin',(27.694982599205,37.5,92.0000000000001));
#1877=CARTESIAN_POINT('Origin',(-14.2816214081689,2.62331906838504E-12,
49.9247363616114));
#1878=CARTESIAN_POINT('',(41.9940183406999,-6.35000000000718,65.0037485858664));
#1879=CARTESIAN_POINT('',(41.9940183407011,-7.83057668590208E-12,65.0037485858664));
#1880=CARTESIAN_POINT('',(30.9067557467638,-6.35000000000513,62.0329255275493));
#1881=CARTESIAN_POINT('',(8.31256716929682,-6.35000000000093,55.9788309445803));
#1882=CARTESIAN_POINT('',(36.5830056597295,-6.35000000000618,63.5538721077657));
#1883=CARTESIAN_POINT('Ctrl Pts',(51.9436939051612,-6.35000000000904,68.7500000000001));
#1884=CARTESIAN_POINT('Ctrl Pts',(19.9792555726945,-6.3500000000031,68.75));
#1885=CARTESIAN_POINT('Ctrl Pts',(51.9436939051612,-6.35000000000904,71.8750000000001));
#1886=CARTESIAN_POINT('Ctrl Pts',(19.9792555726945,-6.3500000000031,71.8750000000001));
#1887=CARTESIAN_POINT('Ctrl Pts',(51.9436939051612,-6.35000000000904,75.0000000000002));
#1888=CARTESIAN_POINT('Ctrl Pts',(19.9792555726944,-6.3500000000031,75.0000000000001));
#1889=CARTESIAN_POINT('Ctrl Pts',(51.9436939051612,-6.35000000000904,85.0000000000001));
#1890=CARTESIAN_POINT('Ctrl Pts',(19.9792555726944,-6.3500000000031,85.0000000000001));
#1891=CARTESIAN_POINT('Ctrl Pts',(51.9436939051584,-21.350000000009,85.0000000000001));
#1892=CARTESIAN_POINT('Ctrl Pts',(19.9792555726916,-21.3500000000031,85.0000000000001));
#1893=CARTESIAN_POINT('',(37.5099371754206,-6.35000000000636,75.0000000000001));
#1894=CARTESIAN_POINT('Ctrl Pts',(37.5099371754206,-6.35000000000635,75.0000000000001));
#1895=CARTESIAN_POINT('Ctrl Pts',(37.5050008189343,-6.35000000000635,75.0085500202385));
#1896=CARTESIAN_POINT('Ctrl Pts',(37.5000644482014,-6.35001644823439,75.0171000651529));
#1897=CARTESIAN_POINT('Ctrl Pts',(36.8985422632641,-6.35402505172835,76.0589670513442));
#1898=CARTESIAN_POINT('Ctrl Pts',(36.3149006254945,-6.59791799999723,77.0698640213754));
#1899=CARTESIAN_POINT('Ctrl Pts',(35.0938719395673,-7.60503759840485,79.1847477429001));
#1900=CARTESIAN_POINT('Ctrl Pts',(34.4960438639691,-8.44592940619008,80.220216344912));
#1901=CARTESIAN_POINT('Ctrl Pts',(33.3388007577738,-10.7653206611635,82.2246202015503));
#1902=CARTESIAN_POINT('Ctrl Pts',(32.8070737682137,-12.3948597833745,83.1455983629875));
#1903=CARTESIAN_POINT('Ctrl Pts',(31.9617198904567,-16.4903467099799,84.6097942296366));
#1904=CARTESIAN_POINT('Ctrl Pts',(31.7364344835219,-18.9306846923424,85.0000000000001));
#1905=CARTESIAN_POINT('Ctrl Pts',(31.7364344835215,-21.3500000000052,85.0000000000001));
#1906=CARTESIAN_POINT('',(45.6998847656072,-6.35000000000788,75.0000000000001));
#1907=CARTESIAN_POINT('',(35.7392555726952,-6.35000000000603,75.0000000000001));
#1908=CARTESIAN_POINT('Ctrl Pts',(39.9263820737081,-21.3500000000068,85.0000000000001));
#1909=CARTESIAN_POINT('Ctrl Pts',(39.9263820737083,-20.0217798684308,85.0000000000001));
#1910=CARTESIAN_POINT('Ctrl Pts',(39.9942849593212,-18.6899131644617,84.8823887521386));
#1911=CARTESIAN_POINT('Ctrl Pts',(40.2728026384346,-16.0457835888093,84.3999819811089));
#1912=CARTESIAN_POINT('Ctrl Pts',(40.4891816897861,-14.7280262356246,84.0252024703032));
#1913=CARTESIAN_POINT('Ctrl Pts',(41.1483492079835,-11.9457142356385,82.8834908380871));
#1914=CARTESIAN_POINT('Ctrl Pts',(41.6355913215891,-10.5142189479102,82.0395627410605));
#1915=CARTESIAN_POINT('Ctrl Pts',(42.7362922267608,-8.37906032465686,80.1330928493667));
#1916=CARTESIAN_POINT('Ctrl Pts',(43.3021055549303,-7.5971911245664,79.1530754182244));
#1917=CARTESIAN_POINT('Ctrl Pts',(44.4940680423137,-6.60056729765307,77.0885358293604));
#1918=CARTESIAN_POINT('Ctrl Pts',(45.0902874805405,-6.35000000000776,76.0558534698917));
#1919=CARTESIAN_POINT('Ctrl Pts',(45.6998847656072,-6.35000000000788,75.0000000000001));
#1920=CARTESIAN_POINT('Origin',(40.3065181666326,-7.52082616725583E-12,
71.3015849732711));
#1921=CARTESIAN_POINT('',(45.953003799306,-6.35000000000792,74.5615849732711));
#1922=CARTESIAN_POINT('Origin',(40.3065181666314,-6.35000000000687,71.3015849732711));
#1923=CARTESIAN_POINT('',(45.9530037993072,-8.5697493176434E-12,74.5615849732711));
#1924=CARTESIAN_POINT('Origin',(74.1402191365418,-1.37680206493098E-11,
11.5544905477669));
#1925=CARTESIAN_POINT('',(39.297058314204,-6.35000000000669,71.9046153883469));
#1926=CARTESIAN_POINT('',(39.2970583142051,-7.33089444366499E-12,71.9046153883469));
#1927=CARTESIAN_POINT('',(74.1402191365407,-6.35000000001317,11.5544905477669));
#1928=CARTESIAN_POINT('Origin',(29.2192555726953,-6.35000000000481,68.330761914954));
#1929=CARTESIAN_POINT('',(30.0630056597295,-6.35000000000497,65.1818437212516));
#1930=CARTESIAN_POINT('',(30.0630056597295,-6.35000000000497,65.1818437212516));
#1931=CARTESIAN_POINT('',(-15.1253714952043,-6.34999999999659,53.0736545553137));
#1932=CARTESIAN_POINT('Origin',(36.4738154978679,-6.80643286847121E-12,
70.2746153883469));
#1933=CARTESIAN_POINT('',(37.3175655849009,-6.35000000000632,67.1256971946446));
#1934=CARTESIAN_POINT('Origin',(36.4738154978667,-6.35000000000616,70.2746153883469));
#1935=CARTESIAN_POINT('',(37.3175655849021,-6.96130812779433E-12,67.1256971946446));
#1936=CARTESIAN_POINT('Origin',(-15.1253714952032,2.77819432770817E-12,
53.0736545553137));
#1937=CARTESIAN_POINT('',(-15.1253714952043,-6.34999999999659,53.0736545553137));
#1938=CARTESIAN_POINT('Origin',(82.2421266238097,-1.52767900827243E-11,
11.7069804791257));
#1939=CARTESIAN_POINT('',(39.14147446348,-6.35000000000666,86.3594998601675));
#1940=CARTESIAN_POINT('Origin',(29.2192555726953,-6.35000000000481,68.330761914954));
#1941=UNCERTAINTY_MEASURE_WITH_UNIT(LENGTH_MEASURE(0.01),#1945,
'DISTANCE_ACCURACY_VALUE',
'Maximum model space distance between geometric entities at asserted c
onnectivities');
#1942=UNCERTAINTY_MEASURE_WITH_UNIT(LENGTH_MEASURE(0.01),#1945,
'DISTANCE_ACCURACY_VALUE',
'Maximum model space distance between geometric entities at asserted c
onnectivities');
#1943=(
GEOMETRIC_REPRESENTATION_CONTEXT(3)
GLOBAL_UNCERTAINTY_ASSIGNED_CONTEXT((#1941))
GLOBAL_UNIT_ASSIGNED_CONTEXT((#1945,#1947,#1948))
REPRESENTATION_CONTEXT('','3D')
);
#1944=(
GEOMETRIC_REPRESENTATION_CONTEXT(3)
GLOBAL_UNCERTAINTY_ASSIGNED_CONTEXT((#1942))
GLOBAL_UNIT_ASSIGNED_CONTEXT((#1945,#1947,#1948))
REPRESENTATION_CONTEXT('','3D')
);
#1945=(
LENGTH_UNIT()
NAMED_UNIT(*)
SI_UNIT(.MILLI.,.METRE.)
);
#1946=(
LENGTH_UNIT()
NAMED_UNIT(*)
SI_UNIT($,.METRE.)
);
#1947=(
NAMED_UNIT(*)
PLANE_ANGLE_UNIT()
SI_UNIT($,.RADIAN.)
);
#1948=(
NAMED_UNIT(*)
SI_UNIT($,.STERADIAN.)
SOLID_ANGLE_UNIT()
);
#1949=SHAPE_DEFINITION_REPRESENTATION(#1950,#1951);
#1950=PRODUCT_DEFINITION_SHAPE('',$,#1953);
#1951=SHAPE_REPRESENTATION('',(#1115,#42),#1943);
#1952=PRODUCT_DEFINITION_CONTEXT('part definition',#1957,'design');
#1953=PRODUCT_DEFINITION('025426-GEO_5','Camera_Mount v8',#1954,#1952);
#1954=PRODUCT_DEFINITION_FORMATION('',$,#1959);
#1955=PRODUCT_RELATED_PRODUCT_CATEGORY('Camera_Mount v8',
'Camera_Mount v8',(#1959));
#1956=APPLICATION_PROTOCOL_DEFINITION('international standard',
'automotive_design',2009,#1957);
#1957=APPLICATION_CONTEXT(
'Core Data for Automotive Mechanical Design Process');
#1958=PRODUCT_CONTEXT('part definition',#1957,'mechanical');
#1959=PRODUCT('025426-GEO_5','Camera_Mount v8','STEP AP214',(#1958));
#1960=PRESENTATION_STYLE_ASSIGNMENT((#1962));
#1961=PRESENTATION_STYLE_ASSIGNMENT((#1963));
#1962=SURFACE_STYLE_USAGE(.BOTH.,#1964);
#1963=SURFACE_STYLE_USAGE(.BOTH.,#1965);
#1964=SURFACE_SIDE_STYLE('',(#1966));
#1965=SURFACE_SIDE_STYLE('',(#1967));
#1966=SURFACE_STYLE_FILL_AREA(#1968);
#1967=SURFACE_STYLE_FILL_AREA(#1969);
#1968=FILL_AREA_STYLE('Acero - Satinado',(#1970));
#1969=FILL_AREA_STYLE('Aluminio - Pulido',(#1971));
#1970=FILL_AREA_STYLE_COLOUR('Acero - Satinado',#1972);
#1971=FILL_AREA_STYLE_COLOUR('Aluminio - Pulido',#1973);
#1972=COLOUR_RGB('Acero - Satinado',0.627450980392157,0.627450980392157,
0.627450980392157);
#1973=COLOUR_RGB('Aluminio - Pulido',0.96078431372549,0.96078431372549,
0.964705882352941);
ENDSEC;
END-ISO-10303-21;
