# WaveFront *.obj file (generated by Autodesk ATF)

mtllib Camera_Mount.mtl

g Cuerpo57

v 6.490000 -1.270000 -0.000000
v 6.593528 -1.256370 -0.000000
v 6.690000 -1.216410 -0.000000
v 6.772843 -1.152843 -0.000000
v 6.836410 -1.070000 -0.000000
v 6.876370 -0.973528 -0.000000
v 6.890000 -0.870000 -0.000000
v 6.890000 -0.870000 0.389026
v 6.876370 -0.973528 0.389026
v 6.836410 -1.070000 0.389026
v 6.772843 -1.152843 0.389026
v 6.690000 -1.216410 0.389026
v 6.593528 -1.256370 0.389026
v 6.490000 -1.270000 0.389026
v 1.090000 -1.270000 0.389026
v 1.090000 -1.270000 0.599026
v 6.490000 -1.270000 0.599026
v 6.490000 -1.270000 1.026000
v 0.246756 -1.270000 1.026000
v 0.246756 -1.270000 0.326000
v 0.652000 -1.270000 0.326000
v 0.652000 -1.270000 -0.000000
v 6.890000 0.870000 0.389026
v 6.876370 0.973528 0.389026
v 6.836410 1.070000 0.389026
v 6.772843 1.152843 0.389026
v 6.690000 1.216410 0.389026
v 6.593528 1.256370 0.389026
v 6.490000 1.270000 0.389026
v 1.090000 1.270000 0.389026
v 6.890000 -0.870000 1.026000
v 6.876370 -0.973528 1.026000
v 6.836410 -1.070000 1.026000
v 6.772843 -1.152843 1.026000
v 6.690000 -1.216410 1.026000
v 6.593528 -1.256370 1.026000
v 6.593528 -1.256370 0.599026
v 6.690000 -1.216410 0.599026
v 6.772843 -1.152843 0.599026
v 6.836410 -1.070000 0.599026
v 6.876370 -0.973528 0.599026
v 6.890000 -0.870000 0.599026
v 6.890000 0.870000 0.599026
v 6.890000 0.870000 1.026000
v 1.090000 1.270000 0.599026
v 6.490000 1.270000 0.599026
v 6.593528 1.256370 0.599026
v 6.690000 1.216410 0.599026
v 6.772843 1.152843 0.599026
v 6.836410 1.070000 0.599026
v 6.876370 0.973528 0.599026
v 6.890000 0.870000 -0.000000
v 6.876370 0.973528 -0.000000
v 6.836410 1.070000 -0.000000
v 6.772843 1.152843 -0.000000
v 6.690000 1.216410 -0.000000
v 6.593528 1.256370 -0.000000
v 6.490000 1.270000 -0.000000
v 0.652000 1.270000 -0.000000
v 0.652000 1.270000 0.326000
v 0.246756 1.270000 0.326000
v 0.246756 1.270000 1.026000
v 6.490000 1.270000 1.026000
v 6.593528 1.256370 1.026000
v 6.690000 1.216410 1.026000
v 6.772843 1.152843 1.026000
v 6.836410 1.070000 1.026000
v 6.876370 0.973528 1.026000
vt -0.063026 -0.314159 0.000000
vt 0.326000 -0.314159 0.000000
vt -0.063026 -0.209440 0.000000
vt 0.326000 -0.209440 0.000000
vt -0.063026 -0.104720 0.000000
vt 0.326000 -0.104720 0.000000
vt -0.063026 -0.000000 0.000000
vt 0.326000 -0.000000 0.000000
vt -0.063026 0.104720 0.000000
vt 0.326000 0.104720 0.000000
vt -0.063026 0.209440 0.000000
vt 0.326000 0.209440 0.000000
vt -0.063026 0.314159 0.000000
vt 0.326000 0.314159 0.000000
vt -4.600000 -0.063026 0.000000
vt 0.800000 -0.063026 0.000000
vt -4.600000 0.326000 0.000000
vt 1.238000 0.326000 0.000000
vt 1.238000 0.000000 0.000000
vt 1.643244 0.000000 0.000000
vt 0.800000 -0.273026 0.000000
vt 1.643244 -0.700000 0.000000
vt -4.600000 -0.700000 0.000000
vt -4.600000 -0.273026 0.000000
vt -2.526370 0.296472 0.000000
vt -2.486410 0.200000 0.000000
vt -2.540000 0.400000 0.000000
vt -2.422843 0.117157 0.000000
vt -2.340000 0.053590 0.000000
vt -2.243528 0.013630 0.000000
vt -2.140000 0.000000 0.000000
vt -2.540000 5.800000 0.000000
vt -0.400000 0.000000 0.000000
vt -0.000000 5.800000 0.000000
vt -0.000000 0.400000 0.000000
vt -0.296472 0.013630 0.000000
vt -0.200000 0.053590 0.000000
vt -0.117157 0.117157 0.000000
vt -0.053590 0.200000 0.000000
vt -0.013630 0.296472 0.000000
vt -0.273026 0.314159 0.000000
vt -0.700000 0.314159 0.000000
vt -0.273026 0.209440 0.000000
vt -0.700000 0.209440 0.000000
vt -0.273026 0.104720 0.000000
vt -0.700000 0.104720 0.000000
vt -0.273026 -0.000000 0.000000
vt -0.700000 -0.000000 0.000000
vt -0.273026 -0.104720 0.000000
vt -0.700000 -0.104720 0.000000
vt -0.273026 -0.209440 0.000000
vt -0.700000 -0.209440 0.000000
vt -0.273026 -0.314159 0.000000
vt -0.700000 -0.314159 0.000000
vt 2.140000 -0.273026 0.000000
vt 0.400000 -0.273026 0.000000
vt 2.140000 -0.700000 0.000000
vt 0.400000 -0.700000 0.000000
vt -0.296472 0.013630 0.000000
vt -0.000000 0.400000 0.000000
vt -0.400000 0.000000 0.000000
vt -0.000000 5.800000 0.000000
vt -2.540000 5.800000 0.000000
vt -0.200000 0.053590 0.000000
vt -0.117157 0.117157 0.000000
vt -0.053590 0.200000 0.000000
vt -0.013630 0.296472 0.000000
vt -2.140000 0.000000 0.000000
vt -2.540000 0.400000 0.000000
vt -2.243528 0.013630 0.000000
vt -2.340000 0.053590 0.000000
vt -2.422843 0.117157 0.000000
vt -2.486410 0.200000 0.000000
vt -2.526370 0.296472 0.000000
vt 0.063026 0.314159 0.000000
vt -0.326000 0.314159 0.000000
vt 0.063026 0.209440 0.000000
vt -0.326000 0.209440 0.000000
vt 0.063026 0.104720 0.000000
vt -0.326000 0.104720 0.000000
vt 0.063026 -0.000000 0.000000
vt -0.326000 -0.000000 0.000000
vt 0.063026 -0.104720 0.000000
vt -0.326000 -0.104720 0.000000
vt 0.063026 -0.209440 0.000000
vt -0.326000 -0.209440 0.000000
vt 0.063026 -0.314159 0.000000
vt -0.326000 -0.314159 0.000000
vt 5.838000 -0.063026 0.000000
vt 5.838000 0.326000 0.000000
vt 0.438000 -0.063026 0.000000
vt 0.000000 0.326000 0.000000
vt 0.000000 0.000000 0.000000
vt -0.405244 0.000000 0.000000
vt 0.438000 -0.273026 0.000000
vt -0.405244 -0.700000 0.000000
vt 5.838000 -0.700000 0.000000
vt 5.838000 -0.273026 0.000000
vt 0.273026 -0.314159 0.000000
vt 0.700000 -0.314159 0.000000
vt 0.273026 -0.209440 0.000000
vt 0.700000 -0.209440 0.000000
vt 0.273026 -0.104720 0.000000
vt 0.700000 -0.104720 0.000000
vt 0.273026 -0.000000 0.000000
vt 0.700000 -0.000000 0.000000
vt 0.273026 0.104720 0.000000
vt 0.700000 0.104720 0.000000
vt 0.273026 0.209440 0.000000
vt 0.700000 0.209440 0.000000
vt 0.273026 0.314159 0.000000
vt 0.700000 0.314159 0.000000
vt 0.105000 1.270000 0.000000
vt -0.105000 1.270000 0.000000
vt 0.105000 -1.270000 0.000000
vt -0.105000 -1.270000 0.000000
vt 2.140000 0.326000 0.000000
vt 0.400000 0.326000 0.000000
vt 2.140000 -0.063026 0.000000
vt 0.400000 -0.063026 0.000000
vt 0.000000 0.694756 0.000000
vt 2.540000 0.694756 0.000000
vt 0.000000 1.100000 0.000000
vt 2.540000 1.100000 0.000000
vt 0.000000 -2.540000 0.000000
vt 0.700000 -2.540000 0.000000
vt 0.000000 0.000000 0.000000
vt 0.700000 0.000000 0.000000
vt 2.475149 -1.256370 0.000000
vt 2.571622 -1.216410 0.000000
vt 2.371622 -1.270000 0.000000
vt 2.654465 -1.152843 0.000000
vt 2.718032 -1.070000 0.000000
vt 2.757992 -0.973528 0.000000
vt 2.771622 -0.870000 0.000000
vt -3.871622 -1.270000 0.000000
vt 2.771622 0.870000 0.000000
vt -3.871622 1.270000 0.000000
vt 2.371622 1.270000 0.000000
vt 2.757992 0.973528 0.000000
vt 2.718032 1.070000 0.000000
vt 2.654465 1.152843 0.000000
vt 2.571622 1.216410 0.000000
vt 2.475149 1.256370 0.000000
vt -5.605370 -0.973528 0.000000
vt -5.219000 -1.270000 0.000000
vt -5.619000 -0.870000 0.000000
vt 0.619000 -1.270000 0.000000
vt -5.619000 0.870000 0.000000
vt 0.619000 1.270000 0.000000
vt -5.219000 1.270000 0.000000
vt -5.565410 -1.070000 0.000000
vt -5.501843 -1.152843 0.000000
vt -5.419000 -1.216410 0.000000
vt -5.322528 -1.256370 0.000000
vt -5.322528 1.256370 0.000000
vt -5.419000 1.216410 0.000000
vt -5.501843 1.152843 0.000000
vt -5.565410 1.070000 0.000000
vt -5.605370 0.973528 0.000000
vt 0.000000 0.000000 0.000000
vt 2.540000 0.000000 0.000000
vt 0.000000 0.326000 0.000000
vt 2.540000 0.326000 0.000000
vn -0.000000 -1.000000 0.000000
vn -0.000000 -1.000000 0.000000
vn 0.258819 -0.965926 -0.000000
vn 0.258819 -0.965926 -0.000000
vn 0.500000 -0.866025 -0.000000
vn 0.500000 -0.866025 -0.000000
vn 0.707107 -0.707107 -0.000000
vn 0.707107 -0.707107 -0.000000
vn 0.866025 -0.500000 -0.000000
vn 0.866025 -0.500000 -0.000000
vn 0.965926 -0.258819 -0.000000
vn 0.965926 -0.258819 -0.000000
vn 1.000000 0.000000 -0.000000
vn 1.000000 0.000000 -0.000000
vn 0.000000 -1.000000 0.000000
vn 0.000000 -1.000000 0.000000
vn 0.000000 -1.000000 0.000000
vn 0.000000 -1.000000 0.000000
vn 0.000000 -1.000000 0.000000
vn 0.000000 -1.000000 0.000000
vn 0.000000 -1.000000 0.000000
vn 0.000000 -1.000000 0.000000
vn 0.000000 0.000000 1.000000
vn 0.000000 0.000000 1.000000
vn 0.000000 0.000000 1.000000
vn 0.000000 0.000000 1.000000
vn 0.000000 0.000000 1.000000
vn 0.000000 0.000000 1.000000
vn 0.000000 0.000000 1.000000
vn 0.000000 0.000000 1.000000
vn 0.000000 0.000000 1.000000
vn 0.000000 0.000000 1.000000
vn 0.000000 0.000000 1.000000
vn 0.000000 0.000000 1.000000
vn 0.000000 0.000000 1.000000
vn 0.000000 0.000000 1.000000
vn 0.000000 0.000000 1.000000
vn 0.000000 0.000000 1.000000
vn 1.000000 0.000000 -0.000000
vn 1.000000 0.000000 -0.000000
vn 0.965926 -0.258819 -0.000000
vn 0.965926 -0.258819 -0.000000
vn 0.866025 -0.500000 -0.000000
vn 0.866025 -0.500000 -0.000000
vn 0.707107 -0.707107 -0.000000
vn 0.707107 -0.707107 -0.000000
vn 0.500000 -0.866025 -0.000000
vn 0.500000 -0.866025 -0.000000
vn 0.258819 -0.965926 -0.000000
vn 0.258819 -0.965926 -0.000000
vn 1.000000 -0.000000 0.000000
vn 1.000000 -0.000000 0.000000
vn -0.000000 0.000000 -1.000000
vn -0.000000 0.000000 -1.000000
vn -0.000000 0.000000 -1.000000
vn -0.000000 0.000000 -1.000000
vn -0.000000 0.000000 -1.000000
vn -0.000000 0.000000 -1.000000
vn -0.000000 0.000000 -1.000000
vn -0.000000 0.000000 -1.000000
vn -0.000000 0.000000 -1.000000
vn -0.000000 0.000000 -1.000000
vn -0.000000 0.000000 -1.000000
vn -0.000000 0.000000 -1.000000
vn -0.000000 0.000000 -1.000000
vn -0.000000 0.000000 -1.000000
vn -0.000000 0.000000 -1.000000
vn -0.000000 0.000000 -1.000000
vn 1.000000 -0.000000 -0.000000
vn 1.000000 -0.000000 -0.000000
vn 0.965926 0.258819 0.000000
vn 0.965926 0.258819 0.000000
vn 0.866025 0.500000 0.000000
vn 0.866025 0.500000 0.000000
vn 0.707107 0.707107 0.000000
vn 0.707107 0.707107 0.000000
vn 0.500000 0.866025 0.000000
vn 0.500000 0.866025 0.000000
vn 0.258819 0.965926 0.000000
vn 0.258819 0.965926 0.000000
vn -0.000000 1.000000 -0.000000
vn -0.000000 1.000000 -0.000000
vn 0.000000 1.000000 0.000000
vn 0.000000 1.000000 0.000000
vn 0.000000 1.000000 0.000000
vn 0.000000 1.000000 0.000000
vn 0.000000 1.000000 0.000000
vn 0.000000 1.000000 0.000000
vn 0.000000 1.000000 0.000000
vn 0.000000 1.000000 0.000000
vn 0.258819 0.965926 0.000000
vn 0.258819 0.965926 0.000000
vn 0.500000 0.866025 0.000000
vn 0.500000 0.866025 0.000000
vn 0.707107 0.707107 0.000000
vn 0.707107 0.707107 0.000000
vn 0.866025 0.500000 0.000000
vn 0.866025 0.500000 0.000000
vn 0.965926 0.258819 0.000000
vn 0.965926 0.258819 0.000000
vn 1.000000 -0.000000 -0.000000
vn 1.000000 -0.000000 -0.000000
vn 1.000000 -0.000000 -0.000000
vn 1.000000 -0.000000 -0.000000
vn -0.000000 0.000000 -1.000000
vn -0.000000 0.000000 -1.000000
vn -0.000000 0.000000 -1.000000
vn -0.000000 0.000000 -1.000000
vn -1.000000 0.000000 0.000000
vn -1.000000 0.000000 0.000000
vn -1.000000 0.000000 0.000000
vn -1.000000 0.000000 0.000000
vn 0.000000 0.000000 1.000000
vn 0.000000 0.000000 1.000000
vn 0.000000 0.000000 1.000000
vn 0.000000 0.000000 1.000000
vn 0.000000 0.000000 1.000000
vn 0.000000 0.000000 1.000000
vn 0.000000 0.000000 1.000000
vn 0.000000 0.000000 1.000000
vn 0.000000 0.000000 1.000000
vn 0.000000 0.000000 1.000000
vn 0.000000 0.000000 1.000000
vn 0.000000 0.000000 1.000000
vn 0.000000 0.000000 1.000000
vn 0.000000 0.000000 1.000000
vn 0.000000 0.000000 1.000000
vn 0.000000 0.000000 1.000000
vn 0.000000 0.000000 -1.000000
vn 0.000000 0.000000 -1.000000
vn 0.000000 0.000000 -1.000000
vn 0.000000 0.000000 -1.000000
vn 0.000000 0.000000 -1.000000
vn 0.000000 0.000000 -1.000000
vn 0.000000 0.000000 -1.000000
vn 0.000000 0.000000 -1.000000
vn 0.000000 0.000000 -1.000000
vn 0.000000 0.000000 -1.000000
vn 0.000000 0.000000 -1.000000
vn 0.000000 0.000000 -1.000000
vn 0.000000 0.000000 -1.000000
vn 0.000000 0.000000 -1.000000
vn 0.000000 0.000000 -1.000000
vn 0.000000 0.000000 -1.000000
vn -1.000000 -0.000000 -0.000000
vn -1.000000 -0.000000 -0.000000
vn -1.000000 -0.000000 -0.000000
vn -1.000000 -0.000000 -0.000000
usemtl Aluminio_-_Pulido
f 14/1/1 1/2/2 13/3/3
f 13/3/3 1/2/2 2/4/4
f 13/3/3 2/4/4 12/5/5
f 12/5/5 2/4/4 3/6/6
f 12/5/5 3/6/6 11/7/7
f 11/7/7 3/6/6 4/8/8
f 11/7/7 4/8/8 10/9/9
f 10/9/9 4/8/8 5/10/10
f 10/9/9 5/10/10 9/11/11
f 9/11/11 5/10/10 6/12/12
f 9/11/11 6/12/12 8/13/13
f 8/13/13 6/12/12 7/14/14
f 14/15/1 15/16/15 1/17/2
f 1/17/2 15/16/15 22/18/16
f 22/18/16 15/16/15 21/19/17
f 21/19/17 15/16/15 20/20/18
f 20/20/18 15/16/15 16/21/19
f 20/20/18 16/21/19 19/22/20
f 19/22/20 16/21/19 18/23/21
f 18/23/21 16/21/19 17/24/22
f 13/25/23 12/26/24 14/27/25
f 14/27/25 12/26/24 11/28/26
f 14/27/25 11/28/26 10/29/27
f 10/29/27 9/30/28 14/27/25
f 14/27/25 9/30/28 8/31/29
f 14/27/25 8/31/29 15/32/30
f 15/32/30 8/31/29 23/33/31
f 15/32/30 23/33/31 30/34/32
f 30/34/32 23/33/31 29/35/33
f 29/35/33 23/33/31 24/36/34
f 29/35/33 24/36/34 25/37/35
f 25/37/35 26/38/36 29/35/33
f 29/35/33 26/38/36 27/39/37
f 29/35/33 27/39/37 28/40/38
f 42/41/39 31/42/40 41/43/41
f 41/43/41 31/42/40 32/44/42
f 41/43/41 32/44/42 40/45/43
f 40/45/43 32/44/42 33/46/44
f 40/45/43 33/46/44 39/47/45
f 39/47/45 33/46/44 34/48/46
f 39/47/45 34/48/46 38/49/47
f 38/49/47 34/48/46 35/50/48
f 38/49/47 35/50/48 37/51/49
f 37/51/49 35/50/48 36/52/50
f 37/51/49 36/52/50 17/53/22
f 17/53/22 36/52/50 18/54/21
f 42/55/39 43/56/51 31/57/40
f 31/57/40 43/56/51 44/58/52
f 41/59/53 17/60/54 42/61/55
f 42/61/55 17/60/54 16/62/56
f 42/61/55 16/62/56 45/63/57
f 41/59/53 40/64/58 17/60/54
f 17/60/54 40/64/58 39/65/59
f 17/60/54 39/65/59 38/66/60
f 38/66/60 37/67/61 17/60/54
f 42/61/55 45/63/57 43/68/62
f 43/68/62 45/63/57 46/69/63
f 43/68/62 46/69/63 51/70/64
f 51/70/64 46/69/63 50/71/65
f 50/71/65 46/69/63 49/72/66
f 49/72/66 46/69/63 48/73/67
f 48/73/67 46/69/63 47/74/68
f 23/75/69 52/76/70 24/77/71
f 24/77/71 52/76/70 53/78/72
f 24/77/71 53/78/72 25/79/73
f 25/79/73 53/78/72 54/80/74
f 25/79/73 54/80/74 26/81/75
f 26/81/75 54/80/74 55/82/76
f 26/81/75 55/82/76 27/83/77
f 27/83/77 55/82/76 56/84/78
f 27/83/77 56/84/78 28/85/79
f 28/85/79 56/84/78 57/86/80
f 28/85/79 57/86/80 29/87/81
f 29/87/81 57/86/80 58/88/82
f 29/89/81 58/90/82 30/91/83
f 30/91/83 58/90/82 59/92/84
f 30/91/83 59/92/84 60/93/85
f 60/93/85 61/94/86 30/91/83
f 30/91/83 61/94/86 45/95/87
f 45/95/87 61/94/86 62/96/88
f 45/95/87 62/96/88 63/97/89
f 63/97/89 46/98/90 45/95/87
f 46/99/90 63/100/89 47/101/91
f 47/101/91 63/100/89 64/102/92
f 47/101/91 64/102/92 48/103/93
f 48/103/93 64/102/92 65/104/94
f 48/103/93 65/104/94 49/105/95
f 49/105/95 65/104/94 66/106/96
f 49/105/95 66/106/96 50/107/97
f 50/107/97 66/106/96 67/108/98
f 50/107/97 67/108/98 51/109/99
f 51/109/99 67/108/98 68/110/100
f 51/109/99 68/110/100 43/111/51
f 43/111/51 68/110/100 44/112/52
f 30/113/101 45/114/102 15/115/103
f 15/115/103 45/114/102 16/116/104
f 7/117/14 52/118/70 8/119/13
f 8/119/13 52/118/70 23/120/69
f 60/121/105 21/122/106 61/123/107
f 61/123/107 21/122/106 20/124/108
f 20/125/109 19/126/110 61/127/111
f 61/127/111 19/126/110 62/128/112
f 36/129/113 35/130/114 18/131/115
f 18/131/115 35/130/114 34/132/116
f 18/131/115 34/132/116 33/133/117
f 33/133/117 32/134/118 18/131/115
f 18/131/115 32/134/118 31/135/119
f 18/131/115 31/135/119 19/136/120
f 19/136/120 31/135/119 44/137/121
f 19/136/120 44/137/121 62/138/122
f 62/138/122 44/137/121 63/139/123
f 63/139/123 44/137/121 68/140/124
f 63/139/123 68/140/124 67/141/125
f 67/141/125 66/142/126 63/139/123
f 63/139/123 66/142/126 65/143/127
f 63/139/123 65/143/127 64/144/128
f 6/145/129 1/146/130 7/147/131
f 7/147/131 1/146/130 22/148/132
f 7/147/131 22/148/132 52/149/133
f 52/149/133 22/148/132 59/150/134
f 52/149/133 59/150/134 58/151/135
f 6/145/129 5/152/136 1/146/130
f 1/146/130 5/152/136 4/153/137
f 1/146/130 4/153/137 3/154/138
f 3/154/138 2/155/139 1/146/130
f 57/156/140 56/157/141 58/151/135
f 58/151/135 56/157/141 55/158/142
f 58/151/135 55/158/142 54/159/143
f 54/159/143 53/160/144 58/151/135
f 58/151/135 53/160/144 52/149/133
f 21/161/145 60/162/146 22/163/147
f 22/163/147 60/162/146 59/164/148
g Cuerpo58

v -0.000000 1.270000 0.652000
v -0.000000 1.270000 0.889712
v 0.326000 1.270000 0.889712
v 0.326000 1.270000 0.652000
v 0.652000 1.270000 0.000000
v 0.652000 -1.270000 0.000000
v 0.483250 -1.270000 0.022216
v 0.326000 -1.270000 0.087351
v 0.190966 -1.270000 0.190966
v 0.087351 -1.270000 0.326000
v 0.022216 -1.270000 0.483250
v -0.000000 -1.270000 0.652000
v 0.022216 1.270000 0.483250
v 0.087351 1.270000 0.326000
v 0.190966 1.270000 0.190966
v 0.326000 1.270000 0.087351
v 0.483250 1.270000 0.022216
v -0.000000 0.635000 1.867718
v 0.326000 0.635000 1.867718
v 0.326000 0.639240 1.722271
v 0.326000 0.654288 1.608085
v 0.326000 0.684446 1.502054
v 0.326000 0.716488 1.444071
v 0.326000 0.766874 1.382558
v 0.326000 0.894097 1.272524
v 0.326000 1.015084 1.212458
v 0.326000 1.092644 1.176426
v 0.326000 1.176079 1.115650
v 0.326000 1.212924 1.073628
v 0.326000 1.242746 1.022592
v 0.326000 1.262715 0.961601
v 0.000000 1.262715 0.961601
v 0.000000 1.242746 1.022592
v 0.000000 1.212924 1.073628
v 0.000000 1.176079 1.115650
v 0.000000 1.092644 1.176426
v 0.000000 1.015084 1.212458
v 0.000000 0.894097 1.272524
v 0.000000 0.766874 1.382558
v 0.000000 0.716488 1.444071
v 0.000000 0.684446 1.502054
v 0.000000 0.654288 1.608085
v 0.000000 0.639240 1.722271
v 0.652000 -1.270000 0.326000
v 0.567625 -1.270000 0.337108
v 0.489000 -1.270000 0.369676
v 0.421483 -1.270000 0.421483
v 0.369676 -1.270000 0.489000
v 0.337108 -1.270000 0.567625
v 0.326000 -1.270000 0.652000
v 0.000000 -0.635000 1.867718
v 0.000000 -0.639240 1.722271
v 0.000000 -0.654288 1.608085
v 0.000000 -0.684446 1.502054
v 0.000000 -0.716488 1.444071
v 0.000000 -0.766874 1.382558
v 0.000000 -0.894097 1.272524
v 0.000000 -1.015084 1.212458
v 0.000000 -1.092644 1.176426
v 0.000000 -1.176079 1.115650
v 0.000000 -1.212924 1.073628
v 0.000000 -1.242746 1.022592
v 0.000000 -1.262715 0.961601
v -0.000000 -1.270000 0.889712
v 0.326000 -1.270000 0.889712
v 0.326000 -1.262715 0.961601
v 0.326000 -1.242746 1.022592
v 0.326000 -1.212924 1.073628
v 0.326000 -1.176079 1.115650
v 0.326000 -1.092644 1.176426
v 0.326000 -1.015084 1.212458
v 0.326000 -0.894097 1.272524
v 0.326000 -0.766874 1.382558
v 0.326000 -0.716488 1.444071
v 0.326000 -0.684446 1.502054
v 0.326000 -0.654288 1.608085
v 0.326000 -0.639240 1.722271
v 0.326000 -0.635000 1.867718
v 0.337108 1.270000 0.567625
v 0.369676 1.270000 0.489000
v 0.421483 1.270000 0.421483
v 0.489000 1.270000 0.369676
v 0.567625 1.270000 0.337108
v 0.652000 1.270000 0.326000
v 0.567625 0.000000 0.337108
v 0.489000 0.000000 0.369676
v 0.421483 0.000000 0.421483
v 0.369676 0.000000 0.489000
v 0.337108 0.000000 0.567625
v -0.000000 0.635000 5.212351
v 0.326000 0.635000 5.212351
v 0.326000 -0.635000 5.212351
v -0.000000 -0.635000 5.212351
v 3.173643 -3.750000 8.500000
v 3.173643 -2.135000 8.500000
v 3.992638 -2.135000 8.500000
v 3.992638 -3.750000 8.500000
v 3.992638 2.135000 8.500000
v 4.002534 1.858393 8.482859
v 4.032436 1.587684 8.431068
v 4.082478 1.331400 8.344392
v 4.150410 1.104594 8.226731
v 4.234034 0.915099 8.081891
v 4.333351 0.766773 7.909868
v 4.447272 0.669275 7.712551
v 4.508062 0.643654 7.607260
v 4.569988 0.635000 7.500000
v 3.750994 0.635000 7.500000
v 3.684938 0.644847 7.614411
v 3.622016 0.672907 7.723396
v 3.561271 0.718301 7.828610
v 3.503914 0.779290 7.927955
v 3.401942 0.940179 8.104576
v 3.318553 1.141137 8.249009
v 3.254455 1.369638 8.360031
v 3.209305 1.615985 8.438232
v 3.182521 1.872963 8.484624
v 3.173643 2.135000 8.500000
v 0.483250 0.635000 5.842135
v 3.006301 0.635000 6.518184
v 3.090676 0.635000 6.203293
v 0.567625 0.635000 5.527243
v 3.718397 -3.675000 8.975000
v 3.714563 -3.616766 8.981640
v 3.703325 -3.562500 9.001106
v 3.685446 -3.515901 9.032072
v 3.662147 -3.480144 9.072428
v 3.635014 -3.457667 9.119423
v 3.605897 -3.450000 9.169856
v 3.576780 -3.457667 9.220288
v 3.549647 -3.480144 9.267284
v 3.526347 -3.515901 9.307640
v 3.508469 -3.562500 9.338606
v 3.497230 -3.616766 9.358072
v 3.493397 -3.675000 9.364711
v 2.879151 -3.675000 9.010076
v 2.882984 -3.616766 9.003437
v 2.894223 -3.562500 8.983971
v 2.912101 -3.515901 8.953004
v 2.935401 -3.480144 8.912648
v 2.962534 -3.457667 8.865653
v 2.991651 -3.450000 8.815221
v 3.020768 -3.457667 8.764788
v 3.047901 -3.480144 8.717793
v 3.071200 -3.515901 8.677437
v 3.089079 -3.562500 8.646471
v 3.100317 -3.616766 8.627004
v 3.104151 -3.675000 8.620365
v 0.489000 0.635000 5.494676
v 0.421483 0.635000 5.442868
v 0.369676 0.635000 5.375351
v 0.337108 0.635000 5.296726
v 0.022216 0.635000 5.381101
v 0.087351 0.635000 5.538351
v 0.190966 0.635000 5.673385
v 0.326000 0.635000 5.777000
v 3.731757 0.635000 6.712570
v 3.810382 0.635000 6.745137
v 3.877898 0.635000 6.796945
v 3.929706 0.635000 6.864462
v 3.962273 0.635000 6.943087
v 3.973382 0.635000 7.027462
v 3.962273 0.635000 7.111837
v 3.929706 0.635000 7.190462
v 4.595300 0.635000 7.456158
v 4.660435 0.635000 7.298909
v 4.682652 0.635000 7.130158
v 4.660435 0.635000 6.961408
v 4.595300 0.635000 6.804158
v 4.491685 0.635000 6.669125
v 4.356652 0.635000 6.565510
v 4.199402 0.635000 6.500375
v 3.490343 2.170000 9.370000
v 3.493240 2.126001 9.364983
v 3.501731 2.085000 9.350276
v 3.515239 2.049792 9.326879
v 3.532843 2.022776 9.296388
v 3.553344 2.005793 9.260880
v 3.575343 2.000000 9.222776
v 3.597343 2.005793 9.184671
v 3.617843 2.022776 9.149164
v 3.635448 2.049792 9.118672
v 3.648956 2.085000 9.095276
v 3.657447 2.126001 9.080568
v 3.660343 2.170000 9.075551
v 3.046097 2.170000 8.720916
v 3.043201 2.126001 8.725933
v 3.034710 2.085000 8.740641
v 3.021201 2.049792 8.764037
v 3.003597 2.022776 8.794528
v 2.983097 2.005793 8.830036
v 2.961097 2.000000 8.868141
v 2.939098 2.005793 8.906245
v 2.918597 2.022776 8.941753
v 2.900993 2.049792 8.972244
v 2.887485 2.085000 8.995641
v 2.878994 2.126001 9.010348
v 2.876097 2.170000 9.015365
v 3.585705 -2.420149 9.204828
v 3.607675 -2.413915 9.166776
v 3.628089 -2.396520 9.131418
v 3.645556 -2.369150 9.101163
v 3.658887 -2.333670 9.078074
v 3.667172 -2.292498 9.063723
v 3.669848 -2.248440 9.059090
v 3.666731 -2.204498 9.064489
v 3.658034 -2.163667 9.079552
v 3.644349 -2.128729 9.103254
v 3.626611 -2.102066 9.133978
v 3.606026 -2.085494 9.169632
v 3.583998 -2.080143 9.207785
v 3.562029 -2.086378 9.245837
v 3.541615 -2.103773 9.281195
v 3.524147 -2.131143 9.311450
v 3.510817 -2.166623 9.334539
v 3.502531 -2.207795 9.348890
v 3.499856 -2.251853 9.353524
v 3.502973 -2.295795 9.348125
v 3.511670 -2.336626 9.333061
v 3.525354 -2.371563 9.309359
v 3.543093 -2.398226 9.278635
v 3.563678 -2.414798 9.242981
v 2.971418 -2.411927 8.850265
v 2.949390 -2.406576 8.888418
v 2.928806 -2.390004 8.924071
v 2.911067 -2.363341 8.954796
v 2.897383 -2.328404 8.978497
v 2.888686 -2.287573 8.993561
v 2.885569 -2.243631 8.998960
v 2.888244 -2.199573 8.994326
v 2.896529 -2.158401 8.979976
v 2.909860 -2.122921 8.956886
v 2.927328 -2.095551 8.926632
v 2.947742 -2.078156 8.891273
v 2.969711 -2.071921 8.853221
v 2.991739 -2.077272 8.815068
v 3.012323 -2.093844 8.779415
v 3.030062 -2.120507 8.748690
v 3.043746 -2.155445 8.724988
v 3.052443 -2.196276 8.709925
v 3.055560 -2.240217 8.704526
v 3.052885 -2.284275 8.709160
v 3.044600 -2.325447 8.723510
v 3.031269 -2.360927 8.746600
v 3.013801 -2.388297 8.776854
v 2.993387 -2.405692 8.812213
v 0.567625 -0.635000 5.527243
v 0.489000 -0.635000 5.494676
v 0.421483 -0.635000 5.442868
v 0.369676 -0.635000 5.375351
v 0.337108 -0.635000 5.296726
v 3.660343 2.330000 9.075551
v 3.046097 2.330000 8.720916
v 3.984873 -3.886563 8.513450
v 3.961874 -4.017878 8.553284
v 3.924527 -4.138899 8.617971
v 3.874267 -4.244975 8.705025
v 3.813024 -4.332029 8.811101
v 3.743153 -4.396716 8.932122
v 3.667338 -4.436550 9.063437
v 3.588493 -4.450000 9.200000
v 3.509648 -4.436550 9.336563
v 3.433833 -4.396716 9.467878
v 3.363962 -4.332029 9.588899
v 3.302719 -4.244975 9.694975
v 3.252459 -4.138899 9.782029
v 3.215112 -4.017878 9.846716
v 3.192113 -3.886563 9.886550
v 3.184348 -3.750000 9.900000
v 2.365353 -3.750000 9.900000
v 2.373119 -3.886563 9.886550
v 2.396117 -4.017878 9.846716
v 2.433464 -4.138899 9.782029
v 2.483724 -4.244975 9.694975
v 2.544967 -4.332029 9.588899
v 2.614839 -4.396716 9.467878
v 2.690653 -4.436550 9.336563
v 2.769498 -4.450000 9.200000
v 2.848343 -4.436550 9.063437
v 2.924158 -4.396716 8.932122
v 2.994029 -4.332029 8.811101
v 3.055272 -4.244975 8.705025
v 3.105533 -4.138899 8.617971
v 3.142880 -4.017878 8.553284
v 3.165878 -3.886563 8.513450
v 3.992638 3.750000 8.500000
v 3.173643 3.750000 8.500000
v 3.490343 2.330000 9.370000
v 2.876097 2.330000 9.015365
v 3.184348 3.750000 9.900000
v 2.365353 3.750000 9.900000
v 3.718397 -3.825000 8.975000
v 3.104151 -3.825000 8.620365
v 3.584448 3.974948 9.207007
v 3.555344 3.967073 9.257415
v 3.528252 3.944400 9.304340
v 3.505017 3.908476 9.344585
v 3.487222 3.861749 9.375406
v 3.476081 3.807402 9.394704
v 3.472352 3.749140 9.401162
v 3.476290 3.690934 9.394342
v 3.487626 3.636748 9.374707
v 3.505588 3.590278 9.343596
v 3.528951 3.554688 9.303130
v 3.556124 3.532405 9.256064
v 3.585255 3.524947 9.205609
v 3.614358 3.532823 9.155200
v 3.641450 3.555495 9.108275
v 3.664686 3.591419 9.068030
v 3.682480 3.638147 9.037209
v 3.693622 3.692493 9.017912
v 3.697351 3.750755 9.011453
v 3.693413 3.808962 9.018274
v 3.682077 3.863147 9.037908
v 3.664115 3.909618 9.069019
v 3.640751 3.945208 9.109486
v 3.613578 3.967490 9.156551
v 2.970196 3.977887 8.852381
v 2.999327 3.970429 8.801925
v 3.026500 3.948146 8.754860
v 3.049863 3.912556 8.714393
v 3.067825 3.866086 8.683282
v 3.079161 3.811900 8.663648
v 3.083099 3.753693 8.656827
v 3.079370 3.695432 8.663286
v 3.068229 3.641085 8.682583
v 3.050434 3.594358 8.713404
v 3.027199 3.558434 8.753649
v 3.000107 3.535761 8.800574
v 2.971004 3.527886 8.850983
v 2.941873 3.535343 8.901438
v 2.914700 3.557626 8.948504
v 2.891336 3.593216 8.988970
v 2.873374 3.639687 9.020081
v 2.862038 3.693872 9.039716
v 2.858101 3.752079 9.046536
v 2.861829 3.810341 9.040078
v 2.872971 3.864687 9.020780
v 2.890765 3.911415 8.989959
v 2.914001 3.947339 8.949714
v 2.941093 3.970011 8.902789
v 3.493397 -3.825000 9.364711
v 2.879151 -3.825000 9.010076
v 3.657447 2.373999 9.080568
v 3.648956 2.415000 9.095276
v 3.635448 2.450208 9.118672
v 3.617843 2.477224 9.149164
v 3.597343 2.494207 9.184671
v 3.575343 2.500000 9.222776
v 3.553344 2.494207 9.260880
v 3.532843 2.477224 9.296388
v 3.515239 2.450208 9.326879
v 3.501731 2.415000 9.350276
v 3.493240 2.373999 9.364983
v 2.878994 2.373999 9.010348
v 2.887485 2.415000 8.995641
v 2.900993 2.450208 8.972244
v 2.918597 2.477224 8.941753
v 2.939098 2.494207 8.906245
v 2.961097 2.500000 8.868141
v 2.983097 2.494207 8.830036
v 3.003597 2.477224 8.794528
v 3.021201 2.450208 8.764037
v 3.034710 2.415000 8.740641
v 3.043201 2.373999 8.725933
v 0.022216 -0.635000 5.381101
v 0.087351 -0.635000 5.538351
v 0.190966 -0.635000 5.673385
v 0.326000 -0.635000 5.777000
v 0.483250 -0.635000 5.842135
v 3.497230 -3.883234 9.358072
v 3.508469 -3.937500 9.338606
v 3.526347 -3.984099 9.307640
v 3.549647 -4.019856 9.267284
v 3.576780 -4.042333 9.220288
v 3.605897 -4.050000 9.169856
v 3.635014 -4.042333 9.119423
v 3.662147 -4.019856 9.072428
v 3.685446 -3.984099 9.032072
v 3.703325 -3.937500 9.001106
v 3.714563 -3.883234 8.981640
v 3.100317 -3.883234 8.627004
v 3.089079 -3.937500 8.646471
v 3.071200 -3.984099 8.677437
v 3.047901 -4.019856 8.717793
v 3.020768 -4.042333 8.764788
v 2.991651 -4.050000 8.815221
v 2.962534 -4.042333 8.865653
v 2.935401 -4.019856 8.912648
v 2.912101 -3.984099 8.953004
v 2.894223 -3.937500 8.983971
v 2.882984 -3.883234 9.003437
v 3.192113 3.886563 9.886550
v 3.215112 4.017878 9.846716
v 3.252459 4.138899 9.782029
v 3.302719 4.244975 9.694975
v 3.363962 4.332029 9.588899
v 3.433833 4.396716 9.467878
v 3.509648 4.436550 9.336563
v 3.588493 4.450000 9.200000
v 3.667338 4.436550 9.063437
v 3.743153 4.396716 8.932122
v 3.813024 4.332029 8.811101
v 3.874267 4.244975 8.705025
v 3.924527 4.138899 8.617971
v 3.961874 4.017878 8.553284
v 3.984873 3.886563 8.513450
v 3.165878 3.886563 8.513450
v 3.142880 4.017878 8.553284
v 3.105533 4.138899 8.617971
v 3.055272 4.244975 8.705025
v 2.994029 4.332029 8.811101
v 2.924158 4.396716 8.932122
v 2.848343 4.436550 9.063437
v 2.769498 4.450000 9.200000
v 2.690653 4.436550 9.336563
v 2.614839 4.396716 9.467878
v 2.544967 4.332029 9.588899
v 2.483724 4.244975 9.694975
v 2.433464 4.138899 9.782029
v 2.396117 4.017878 9.846716
v 2.373119 3.886563 9.886550
v 4.199402 -0.635000 6.500375
v 3.090676 -0.635000 6.203293
v 3.183561 -1.858100 8.482823
v 3.213527 -1.587118 8.430920
v 3.263677 -1.330608 8.344057
v 3.331751 -1.103671 8.226149
v 3.415540 -0.914169 8.081023
v 3.515009 -0.766010 7.908737
v 3.628911 -0.668917 7.711454
v 3.689251 -0.643600 7.606941
v 3.750994 -0.635000 7.500000
v 4.569988 -0.635000 7.500000
v 4.505354 -0.644427 7.611951
v 4.442284 -0.672153 7.721191
v 4.381347 -0.717326 7.826737
v 4.323870 -0.778111 7.926290
v 4.221593 -0.938887 8.103439
v 4.137966 -1.139913 8.248285
v 4.073689 -1.368588 8.359616
v 4.028404 -1.615256 8.438052
v 4.001542 -1.872581 8.484578
v 4.595300 -0.635000 7.456158
v 4.660435 -0.635000 7.298909
v 4.682652 -0.635000 7.130158
v 4.660435 -0.635000 6.961408
v 4.595300 -0.635000 6.804158
v 4.491685 -0.635000 6.669125
v 4.356652 -0.635000 6.565510
v 3.929706 -0.635000 7.190462
v 3.006301 -0.635000 6.518184
v 3.731757 -0.635000 6.712570
v 3.810382 -0.635000 6.745137
v 3.877898 -0.635000 6.796945
v 3.929706 -0.635000 6.864462
v 3.962273 -0.635000 6.943087
v 3.973382 -0.635000 7.027462
v 3.962273 -0.635000 7.111837
vt 0.326000 -0.000000 0.000000
vt 0.563712 -0.000000 0.000000
vt 0.326000 0.326000 0.000000
vt 0.563712 0.326000 0.000000
vt 2.540000 1.024159 0.000000
vt 0.000000 1.024159 0.000000
vt 2.540000 0.853466 0.000000
vt 0.000000 0.853466 0.000000
vt 2.540000 0.682773 0.000000
vt 0.000000 0.682773 0.000000
vt 2.540000 0.512080 0.000000
vt -0.000000 0.512080 0.000000
vt 2.540000 0.341386 0.000000
vt -0.000000 0.341386 0.000000
vt 2.540000 0.170693 0.000000
vt -0.000000 0.170693 0.000000
vt 2.540000 -0.000000 0.000000
vt 0.000000 -0.000000 0.000000
vt 1.342992 0.326000 0.000000
vt 1.175118 0.326000 0.000000
vt 1.342992 0.000000 0.000000
vt 1.175118 0.000000 0.000000
vt 1.007244 0.326000 0.000000
vt 1.007244 0.000000 0.000000
vt 0.839370 0.326000 0.000000
vt 0.839370 0.000000 0.000000
vt 0.755433 0.326000 0.000000
vt 0.755433 0.000000 0.000000
vt 0.671496 0.326000 0.000000
vt 0.671496 0.000000 0.000000
vt 0.503622 0.326000 0.000000
vt 0.503622 0.000000 0.000000
vt 0.335748 0.326000 0.000000
vt 0.335748 0.000000 0.000000
vt 0.251811 0.326000 0.000000
vt 0.251811 0.000000 0.000000
vt 0.167874 0.326000 0.000000
vt 0.167874 0.000000 0.000000
vt 0.125905 0.326000 0.000000
vt 0.125905 0.000000 0.000000
vt 0.083937 0.326000 0.000000
vt 0.083937 0.000000 0.000000
vt 0.041968 0.326000 0.000000
vt 0.041968 0.000000 0.000000
vt 0.000000 0.326000 0.000000
vt 0.000000 0.000000 0.000000
vt -0.000000 -0.326000 0.000000
vt -0.084375 -0.314892 0.000000
vt -0.000000 -0.652000 0.000000
vt -0.168750 -0.629784 0.000000
vt -0.326000 -0.564649 0.000000
vt -0.163000 -0.282324 0.000000
vt -0.461034 -0.461034 0.000000
vt -0.230517 -0.230517 0.000000
vt -0.564649 -0.326000 0.000000
vt -0.282324 -0.163000 0.000000
vt -0.629784 -0.168750 0.000000
vt -0.314892 -0.084375 0.000000
vt -0.652000 -0.000000 0.000000
vt -0.326000 -0.000000 0.000000
vt -1.342992 0.000000 0.000000
vt -1.175118 0.000000 0.000000
vt -1.342992 0.326000 0.000000
vt -1.175118 0.326000 0.000000
vt -1.007244 0.000000 0.000000
vt -1.007244 0.326000 0.000000
vt -0.839370 0.000000 0.000000
vt -0.839370 0.326000 0.000000
vt -0.755433 0.000000 0.000000
vt -0.755433 0.326000 0.000000
vt -0.671496 0.000000 0.000000
vt -0.671496 0.326000 0.000000
vt -0.503622 0.000000 0.000000
vt -0.503622 0.326000 0.000000
vt -0.335748 0.000000 0.000000
vt -0.335748 0.326000 0.000000
vt -0.251811 0.000000 0.000000
vt -0.251811 0.326000 0.000000
vt -0.167874 0.000000 0.000000
vt -0.167874 0.326000 0.000000
vt -0.125905 0.000000 0.000000
vt -0.125905 0.326000 0.000000
vt -0.083937 0.000000 0.000000
vt -0.083937 0.326000 0.000000
vt -0.041968 0.000000 0.000000
vt -0.041968 0.326000 0.000000
vt -0.000000 0.000000 0.000000
vt -0.000000 0.326000 0.000000
vt 0.652000 -0.000000 0.000000
vt 0.326000 -0.000000 0.000000
vt 0.629784 -0.168750 0.000000
vt 0.314892 -0.084375 0.000000
vt 0.282324 -0.163000 0.000000
vt 0.564649 -0.326000 0.000000
vt 0.230517 -0.230517 0.000000
vt 0.461034 -0.461034 0.000000
vt 0.163000 -0.282324 0.000000
vt 0.326000 -0.564649 0.000000
vt 0.084375 -0.314892 0.000000
vt 0.168750 -0.629784 0.000000
vt 0.000000 -0.652000 0.000000
vt 0.000000 -0.326000 0.000000
vt 4.910288 0.000000 0.000000
vt 5.148000 0.000000 0.000000
vt 4.910288 0.326000 0.000000
vt 5.148000 0.326000 0.000000
vt -0.000000 0.426733 0.000000
vt -0.000000 0.512080 0.000000
vt -1.270000 0.426733 0.000000
vt -2.540000 0.512080 0.000000
vt -2.540000 0.426733 0.000000
vt -1.270000 0.341386 0.000000
vt -2.540000 0.341386 0.000000
vt -1.270000 0.256040 0.000000
vt -2.540000 0.256040 0.000000
vt -1.270000 0.170693 0.000000
vt -2.540000 0.170693 0.000000
vt -1.270000 0.085347 0.000000
vt -2.540000 0.085347 0.000000
vt -2.540000 -0.000000 0.000000
vt -0.000000 -0.000000 0.000000
vt -0.000000 0.085347 0.000000
vt -0.000000 0.170693 0.000000
vt -0.000000 0.256040 0.000000
vt -0.000000 0.341386 0.000000
vt 2.921926 -1.620725 0.000000
vt 2.595926 -1.620725 0.000000
vt 2.921926 -4.965358 0.000000
vt 2.595926 -4.965358 0.000000
vt -5.212351 0.635000 0.000000
vt -1.867718 -0.635000 0.000000
vt -1.867718 0.635000 0.000000
vt -1.722271 -0.639240 0.000000
vt -1.722271 0.639240 0.000000
vt -1.608085 -0.654288 0.000000
vt -1.608085 0.654288 0.000000
vt -1.502054 -0.684446 0.000000
vt -1.502054 0.684446 0.000000
vt -1.444071 -0.716488 0.000000
vt -1.444071 0.716488 0.000000
vt -1.382558 0.766874 0.000000
vt -1.382558 -0.766874 0.000000
vt -0.652000 -1.270000 0.000000
vt -1.272524 -0.894097 0.000000
vt -1.212458 -1.015084 0.000000
vt -5.212351 -0.635000 0.000000
vt -1.176426 -1.092644 0.000000
vt -1.115650 -1.176079 0.000000
vt -0.889712 -1.270000 0.000000
vt -1.073628 -1.212924 0.000000
vt -1.022592 -1.242746 0.000000
vt -0.961601 -1.262715 0.000000
vt -0.652000 1.270000 0.000000
vt -1.272524 0.894097 0.000000
vt -1.212458 1.015084 0.000000
vt -1.176426 1.092644 0.000000
vt -1.115650 1.176079 0.000000
vt -0.889712 1.270000 0.000000
vt -1.073628 1.212924 0.000000
vt -1.022592 1.242746 0.000000
vt -0.961601 1.262715 0.000000
vt -2.595926 -1.620725 0.000000
vt -2.921926 -1.620725 0.000000
vt -2.595926 -4.965358 0.000000
vt -2.921926 -4.965358 0.000000
vt 5.212351 0.635000 0.000000
vt 1.867718 0.635000 0.000000
vt 5.212351 -0.635000 0.000000
vt 1.867718 -0.635000 0.000000
vt 1.722271 -0.639240 0.000000
vt 1.722271 0.639240 0.000000
vt 1.608085 -0.654288 0.000000
vt 1.608085 0.654288 0.000000
vt 1.502054 -0.684446 0.000000
vt 1.502054 0.684446 0.000000
vt 1.444071 -0.716488 0.000000
vt 1.444071 0.716488 0.000000
vt 1.382558 0.766874 0.000000
vt 1.272524 0.894097 0.000000
vt 0.652000 1.270000 0.000000
vt 0.652000 -1.270000 0.000000
vt 1.382558 -0.766874 0.000000
vt 1.272524 -0.894097 0.000000
vt 1.212458 -1.015084 0.000000
vt 1.176426 -1.092644 0.000000
vt 1.115650 -1.176079 0.000000
vt 0.889712 -1.270000 0.000000
vt 1.073628 -1.212924 0.000000
vt 1.022592 -1.242746 0.000000
vt 0.961601 -1.262715 0.000000
vt 1.212458 1.015084 0.000000
vt 1.176426 1.092644 0.000000
vt 1.115650 1.176079 0.000000
vt 0.889712 1.270000 0.000000
vt 1.073628 1.212924 0.000000
vt 1.022592 1.242746 0.000000
vt 0.961601 1.262715 0.000000
vt 9.409722 -5.885000 0.000000
vt 8.590727 -5.885000 0.000000
vt 9.409722 -7.500000 0.000000
vt 8.590727 -7.500000 0.000000
vt 2.112150 -0.057982 0.000000
vt 2.112150 0.761013 0.000000
vt 1.858474 -0.049105 0.000000
vt 1.844662 0.770909 0.000000
vt 1.615625 -0.022320 0.000000
vt 1.588715 0.800811 0.000000
vt 1.376357 0.022829 0.000000
vt 1.337697 0.850853 0.000000
vt 1.134055 0.086927 0.000000
vt 1.091947 0.918785 0.000000
vt 0.882225 0.170316 0.000000
vt 0.846094 1.002408 0.000000
vt 0.614253 0.272288 0.000000
vt 0.588051 1.101726 0.000000
vt 0.471775 0.329645 0.000000
vt 0.307427 1.215647 0.000000
vt 0.322789 0.390391 0.000000
vt 0.167456 0.453313 0.000000
vt 0.157157 1.276436 0.000000
vt -0.000000 0.519368 0.000000
vt -0.000000 1.338363 0.000000
vt -0.084375 -0.314892 0.000000
vt -0.168750 -0.629784 0.000000
vt 2.438676 -0.990941 0.000000
vt 2.354301 -1.305833 0.000000
vt 0.238799 -0.706858 0.000000
vt -0.470471 -0.706858 0.000000
vt 0.238799 -0.765763 0.000000
vt -0.470471 -0.765763 0.000000
vt 0.238799 -0.824668 0.000000
vt -0.470471 -0.824668 0.000000
vt 0.238799 -0.883573 0.000000
vt -0.470471 -0.883573 0.000000
vt 0.238799 -0.942478 0.000000
vt -0.470471 -0.942478 0.000000
vt 0.238799 -1.001383 0.000000
vt -0.470471 -1.001383 0.000000
vt 0.238799 -1.060288 0.000000
vt -0.470471 -1.060288 0.000000
vt 0.238799 -1.119192 0.000000
vt -0.470471 -1.119192 0.000000
vt 0.238799 -1.178097 0.000000
vt -0.470471 -1.178097 0.000000
vt 0.238799 -1.237002 0.000000
vt -0.470471 -1.237002 0.000000
vt 0.238799 -1.295907 0.000000
vt -0.470471 -1.295907 0.000000
vt 0.238799 -1.354812 0.000000
vt -0.470471 -1.354812 0.000000
vt 0.238799 -1.413717 0.000000
vt -0.470471 -1.413717 0.000000
vt 2.354301 -1.305833 0.000000
vt 2.432926 -1.338401 0.000000
vt 2.438676 -0.990941 0.000000
vt 2.595926 -1.056076 0.000000
vt 2.500442 -1.390208 0.000000
vt 2.730959 -1.159691 0.000000
vt 2.552250 -1.457725 0.000000
vt 2.834574 -1.294725 0.000000
vt 2.584817 -1.536350 0.000000
vt 2.899709 -1.451975 0.000000
vt 2.595926 -1.620725 0.000000
vt 2.921926 -1.620725 0.000000
vt -0.888456 -0.087939 0.000000
vt -1.277476 -0.332701 0.000000
vt -0.809831 -0.120506 0.000000
vt -0.168750 -0.629784 0.000000
vt -0.084375 -0.314892 0.000000
vt -0.955973 -0.036131 0.000000
vt -1.434726 -0.267566 0.000000
vt -1.007780 0.031385 0.000000
vt -1.569760 -0.163951 0.000000
vt -1.040348 0.110010 0.000000
vt -1.673375 -0.028918 0.000000
vt -1.051456 0.194385 0.000000
vt -1.738510 0.128332 0.000000
vt -1.760726 0.297082 0.000000
vt -1.040348 0.278760 0.000000
vt -1.738510 0.465832 0.000000
vt -1.007780 0.357385 0.000000
vt -1.673375 0.623082 0.000000
vt -1.648063 0.666924 0.000000
vt -0.829068 0.666924 0.000000
vt 0.466852 0.000000 0.000000
vt -0.242418 0.000000 0.000000
vt 0.466852 -0.044506 0.000000
vt -0.242418 -0.044506 0.000000
vt 0.466852 -0.089012 0.000000
vt -0.242418 -0.089012 0.000000
vt 0.466852 -0.133518 0.000000
vt -0.242418 -0.133518 0.000000
vt 0.466852 -0.178024 0.000000
vt -0.242418 -0.178024 0.000000
vt 0.466852 -0.222529 0.000000
vt -0.242418 -0.222529 0.000000
vt 0.466852 -0.267035 0.000000
vt -0.242418 -0.267035 0.000000
vt 0.466852 -0.311541 0.000000
vt -0.242418 -0.311541 0.000000
vt 0.466852 -0.356047 0.000000
vt -0.242418 -0.356047 0.000000
vt 0.466852 -0.400553 0.000000
vt -0.242418 -0.400553 0.000000
vt 0.466852 -0.445059 0.000000
vt -0.242418 -0.445059 0.000000
vt 0.466852 -0.489565 0.000000
vt -0.242418 -0.489565 0.000000
vt 0.466852 -0.534071 0.000000
vt -0.242418 -0.534071 0.000000
vt 0.014520 -0.368648 0.000000
vt 0.014587 -0.324142 0.000000
vt -0.694730 -0.324142 0.000000
vt 0.014520 -0.279636 0.000000
vt -0.694798 -0.279636 0.000000
vt 0.014323 -0.235130 0.000000
vt -0.694995 -0.235130 0.000000
vt 0.014010 -0.190624 0.000000
vt -0.695308 -0.190624 0.000000
vt 0.013602 -0.146118 0.000000
vt -0.695716 -0.146118 0.000000
vt 0.013127 -0.101612 0.000000
vt -0.696191 -0.101612 0.000000
vt 0.012617 -0.057106 0.000000
vt -0.696701 -0.057106 0.000000
vt 0.012107 -0.012601 0.000000
vt -0.697211 -0.012601 0.000000
vt 0.011631 0.031905 0.000000
vt -0.697687 0.031905 0.000000
vt 0.011223 0.076411 0.000000
vt -0.698095 0.076411 0.000000
vt 0.010910 0.120917 0.000000
vt -0.698408 0.120917 0.000000
vt 0.010713 0.165423 0.000000
vt -0.698605 0.165423 0.000000
vt 0.010646 0.209929 0.000000
vt -0.698672 0.209929 0.000000
vt -0.698605 0.254435 0.000000
vt 0.010713 0.254435 0.000000
vt -0.698408 0.298941 0.000000
vt 0.010910 0.298941 0.000000
vt -0.698095 0.343447 0.000000
vt 0.011223 0.343447 0.000000
vt -0.697687 0.387953 0.000000
vt 0.011631 0.387953 0.000000
vt -0.697211 0.432458 0.000000
vt 0.012107 0.432458 0.000000
vt -0.696701 0.476964 0.000000
vt 0.012617 0.476964 0.000000
vt -0.696191 0.521470 0.000000
vt 0.013127 0.521470 0.000000
vt -0.695716 0.565976 0.000000
vt 0.013602 0.565976 0.000000
vt -0.695716 -0.502165 0.000000
vt 0.013602 -0.502165 0.000000
vt -0.695308 -0.457659 0.000000
vt 0.014010 -0.457659 0.000000
vt -0.694995 -0.413154 0.000000
vt 0.014323 -0.413154 0.000000
vt -0.694798 -0.368648 0.000000
vt -0.000000 0.426733 0.000000
vt -1.270000 0.426733 0.000000
vt -0.000000 0.341386 0.000000
vt -1.270000 0.341386 0.000000
vt -0.000000 0.256040 0.000000
vt -1.270000 0.256040 0.000000
vt -0.000000 0.170693 0.000000
vt -1.270000 0.170693 0.000000
vt -0.000000 0.085347 0.000000
vt -1.270000 0.085347 0.000000
vt -0.000000 0.000000 0.000000
vt -1.270000 -0.000000 0.000000
vt -0.466852 -0.160000 0.000000
vt 0.242418 -0.160000 0.000000
vt -0.466852 0.000000 0.000000
vt 0.242418 0.000000 0.000000
vt -8.590727 -2.199115 0.000000
vt -8.598492 -2.061670 0.000000
vt -9.409722 -2.199115 0.000000
vt -9.417487 -2.061670 0.000000
vt -8.621491 -1.924225 0.000000
vt -9.440485 -1.924225 0.000000
vt -8.658838 -1.786781 0.000000
vt -9.477832 -1.786781 0.000000
vt -8.709098 -1.649336 0.000000
vt -9.528093 -1.649336 0.000000
vt -8.770341 -1.511891 0.000000
vt -9.589336 -1.511891 0.000000
vt -8.840212 -1.374447 0.000000
vt -9.659207 -1.374447 0.000000
vt -8.916027 -1.237002 0.000000
vt -9.735022 -1.237002 0.000000
vt -8.994872 -1.099557 0.000000
vt -9.813867 -1.099557 0.000000
vt -9.073717 -0.962113 0.000000
vt -9.892712 -0.962113 0.000000
vt -9.149532 -0.824668 0.000000
vt -9.968526 -0.824668 0.000000
vt -9.219403 -0.687223 0.000000
vt -10.038398 -0.687223 0.000000
vt -9.280646 -0.549779 0.000000
vt -10.099641 -0.549779 0.000000
vt -9.330906 -0.412334 0.000000
vt -10.149901 -0.412334 0.000000
vt -9.368254 -0.274889 0.000000
vt -10.187248 -0.274889 0.000000
vt -9.391252 -0.137445 0.000000
vt -10.210246 -0.137445 0.000000
vt -9.399017 0.000000 0.000000
vt -10.218012 0.000000 0.000000
vt 8.590727 -1.615000 0.000000
vt 9.409722 -1.615000 0.000000
vt 8.590727 -0.000000 0.000000
vt 9.409722 0.000000 0.000000
vt -0.242418 -0.160000 0.000000
vt 0.466852 -0.160000 0.000000
vt -0.242418 0.000000 0.000000
vt 0.466852 0.000000 0.000000
vt -10.218012 -7.500000 0.000000
vt -9.399017 -7.500000 0.000000
vt -10.218012 0.000000 0.000000
vt -9.399017 0.000000 0.000000
vt 0.470471 0.150000 0.000000
vt -0.238799 0.150000 0.000000
vt 0.470471 0.000000 0.000000
vt -0.238799 0.000000 0.000000
vt 0.011716 -0.399496 0.000000
vt -0.697561 -0.399496 0.000000
vt 0.011684 -0.458401 0.000000
vt -0.697593 -0.458401 0.000000
vt -0.697561 -0.517306 0.000000
vt -0.697468 -0.340591 0.000000
vt 0.011809 -0.340591 0.000000
vt -0.697320 -0.281686 0.000000
vt 0.011957 -0.281686 0.000000
vt -0.697127 -0.222781 0.000000
vt 0.012150 -0.222781 0.000000
vt -0.696902 -0.163877 0.000000
vt 0.012375 -0.163877 0.000000
vt -0.696660 -0.104972 0.000000
vt 0.012616 -0.104972 0.000000
vt -0.696419 -0.046067 0.000000
vt 0.012857 -0.046067 0.000000
vt -0.696194 0.012838 0.000000
vt 0.013082 0.012838 0.000000
vt -0.696001 0.071743 0.000000
vt 0.013275 0.071743 0.000000
vt -0.695853 0.130648 0.000000
vt 0.013423 0.130648 0.000000
vt -0.695760 0.189553 0.000000
vt 0.013516 0.189553 0.000000
vt -0.695728 0.248457 0.000000
vt 0.013548 0.248457 0.000000
vt 0.013516 0.307362 0.000000
vt -0.695760 0.307362 0.000000
vt 0.013423 0.366267 0.000000
vt -0.695853 0.366267 0.000000
vt 0.013275 0.425172 0.000000
vt -0.696001 0.425172 0.000000
vt 0.013082 0.484077 0.000000
vt -0.696194 0.484077 0.000000
vt 0.012857 0.542982 0.000000
vt -0.696419 0.542982 0.000000
vt 0.012616 0.601887 0.000000
vt -0.696660 0.601887 0.000000
vt 0.012375 0.660791 0.000000
vt -0.696902 0.660791 0.000000
vt 0.012150 0.719696 0.000000
vt -0.697127 0.719696 0.000000
vt -0.697127 -0.694020 0.000000
vt 0.012150 -0.694020 0.000000
vt 0.011957 -0.635115 0.000000
vt -0.697320 -0.635115 0.000000
vt 0.011809 -0.576211 0.000000
vt -0.697468 -0.576211 0.000000
vt 0.011716 -0.517306 0.000000
vt -0.470471 0.000000 0.000000
vt 0.238799 0.000000 0.000000
vt -0.470471 0.150000 0.000000
vt 0.238799 0.150000 0.000000
vt 0.466852 -0.534071 0.000000
vt -0.242418 -0.534071 0.000000
vt 0.466852 -0.578577 0.000000
vt -0.242418 -0.578577 0.000000
vt 0.466852 -0.623083 0.000000
vt -0.242418 -0.623083 0.000000
vt 0.466852 -0.667588 0.000000
vt -0.242418 -0.667588 0.000000
vt 0.466852 -0.712094 0.000000
vt -0.242418 -0.712094 0.000000
vt 0.466852 -0.756600 0.000000
vt -0.242418 -0.756600 0.000000
vt 0.466852 -0.801106 0.000000
vt -0.242418 -0.801106 0.000000
vt 0.466852 -0.845612 0.000000
vt -0.242418 -0.845612 0.000000
vt 0.466852 -0.890118 0.000000
vt -0.242418 -0.890118 0.000000
vt 0.466852 -0.934624 0.000000
vt -0.242418 -0.934624 0.000000
vt 0.466852 -0.979130 0.000000
vt -0.242418 -0.979130 0.000000
vt 0.466852 -1.023636 0.000000
vt -0.242418 -1.023636 0.000000
vt 0.466852 -1.068142 0.000000
vt -0.242418 -1.068142 0.000000
vt 1.270000 0.853466 0.000000
vt 0.000000 0.853466 0.000000
vt 1.270000 0.682773 0.000000
vt 0.000000 0.682773 0.000000
vt 1.270000 0.512080 0.000000
vt 0.000000 0.512080 0.000000
vt 1.270000 0.341386 0.000000
vt 0.000000 0.341386 0.000000
vt 1.270000 0.170693 0.000000
vt 0.000000 0.170693 0.000000
vt 1.270000 -0.000000 0.000000
vt 0.000000 0.000000 0.000000
vt -2.921926 -1.620725 0.000000
vt -2.595926 -1.620725 0.000000
vt -2.899709 -1.451975 0.000000
vt -2.584817 -1.536350 0.000000
vt -2.834574 -1.294725 0.000000
vt -2.552250 -1.457725 0.000000
vt -2.730959 -1.159691 0.000000
vt -2.500442 -1.390208 0.000000
vt -2.595926 -1.056076 0.000000
vt -2.432926 -1.338401 0.000000
vt -2.438676 -0.990941 0.000000
vt -2.354301 -1.305833 0.000000
vt 0.238799 0.000000 0.000000
vt -0.470471 -0.000000 0.000000
vt 0.238799 -0.058905 0.000000
vt -0.470471 -0.058905 0.000000
vt 0.238799 -0.117810 0.000000
vt -0.470471 -0.117810 0.000000
vt 0.238799 -0.176715 0.000000
vt -0.470471 -0.176715 0.000000
vt 0.238799 -0.235619 0.000000
vt -0.470471 -0.235619 0.000000
vt 0.238799 -0.294524 0.000000
vt -0.470471 -0.294524 0.000000
vt 0.238799 -0.353429 0.000000
vt -0.470471 -0.353429 0.000000
vt 0.238799 -0.412334 0.000000
vt -0.470471 -0.412334 0.000000
vt 0.238799 -0.471239 0.000000
vt -0.470471 -0.471239 0.000000
vt 0.238799 -0.530144 0.000000
vt -0.470471 -0.530144 0.000000
vt 0.238799 -0.589049 0.000000
vt -0.470471 -0.589049 0.000000
vt 0.238799 -0.647953 0.000000
vt -0.470471 -0.647953 0.000000
vt 0.238799 -0.706858 0.000000
vt -0.470471 -0.706858 0.000000
vt -10.218012 0.000000 0.000000
vt -9.399017 0.000000 0.000000
vt -10.210246 0.137445 0.000000
vt -9.391252 0.137445 0.000000
vt -10.187248 0.274889 0.000000
vt -9.368254 0.274889 0.000000
vt -10.149901 0.412334 0.000000
vt -9.330906 0.412334 0.000000
vt -10.099641 0.549779 0.000000
vt -9.280646 0.549779 0.000000
vt -10.038398 0.687223 0.000000
vt -9.219403 0.687223 0.000000
vt -9.968526 0.824668 0.000000
vt -9.149532 0.824668 0.000000
vt -9.892712 0.962113 0.000000
vt -9.073717 0.962113 0.000000
vt -9.813867 1.099557 0.000000
vt -8.994872 1.099557 0.000000
vt -9.735022 1.237002 0.000000
vt -8.916027 1.237002 0.000000
vt -9.659207 1.374447 0.000000
vt -8.840212 1.374447 0.000000
vt -9.589336 1.511891 0.000000
vt -8.770341 1.511891 0.000000
vt -9.528093 1.649336 0.000000
vt -8.709098 1.649336 0.000000
vt -9.477832 1.786781 0.000000
vt -8.658838 1.786781 0.000000
vt -9.440485 1.924225 0.000000
vt -8.621491 1.924225 0.000000
vt -9.417487 2.061670 0.000000
vt -8.598492 2.061670 0.000000
vt -9.409722 2.199115 0.000000
vt -8.590727 2.199115 0.000000
vt -5.826083 -0.635000 0.000000
vt -4.678245 -0.635000 0.000000
vt -5.826083 0.635000 0.000000
vt -4.678245 0.635000 0.000000
vt -2.066191 -0.635000 0.000000
vt -2.066191 0.635000 0.000000
vt 2.112150 -0.402413 0.000000
vt 2.112150 0.416582 0.000000
vt 1.858111 -0.411316 0.000000
vt 1.844384 0.406665 0.000000
vt 1.614934 -0.438178 0.000000
vt 1.588176 0.376699 0.000000
vt 1.375303 -0.483464 0.000000
vt 1.336891 0.326548 0.000000
vt 1.132664 -0.547740 0.000000
vt 1.090868 0.258474 0.000000
vt 0.880398 -0.631367 0.000000
vt 0.844724 0.174685 0.000000
vt 0.611835 -0.733644 0.000000
vt 0.586417 0.075216 0.000000
vt 0.469115 -0.791122 0.000000
vt 0.305872 -0.038685 0.000000
vt 0.319667 -0.852058 0.000000
vt 0.163914 -0.915128 0.000000
vt 0.156696 -0.099026 0.000000
vt 0.000000 -0.160768 0.000000
vt 0.000000 -0.979763 0.000000
vt 0.635000 0.597426 0.000000
vt -0.635000 0.597426 0.000000
vt 0.635000 0.426733 0.000000
vt -0.635000 0.426733 0.000000
vt 0.635000 0.256040 0.000000
vt -0.635000 0.256040 0.000000
vt 0.635000 0.085347 0.000000
vt -0.635000 0.085347 0.000000
vt 0.635000 -0.085347 0.000000
vt -0.635000 -0.085347 0.000000
vt 0.635000 -0.256040 0.000000
vt -0.635000 -0.256040 0.000000
vt 0.635000 -0.426733 0.000000
vt -0.635000 -0.426733 0.000000
vt 0.635000 -0.597426 0.000000
vt -0.635000 -0.597426 0.000000
vt -0.635000 6.968632 0.000000
vt 0.635000 6.968632 0.000000
vt -0.635000 7.326056 0.000000
vt 0.635000 7.326056 0.000000
vt 0.643600 7.449541 0.000000
vt -0.644847 7.458167 0.000000
vt 0.668917 7.570222 0.000000
vt -0.672907 7.584012 0.000000
vt -0.718301 7.705502 0.000000
vt 0.766010 7.798026 0.000000
vt -0.779290 7.820216 0.000000
vt 0.914169 7.996964 0.000000
vt -0.940179 8.024161 0.000000
vt 1.103671 8.164541 0.000000
vt -1.141137 8.190938 0.000000
vt 1.330608 8.300690 0.000000
vt -1.369638 8.319135 0.000000
vt 1.587118 8.400990 0.000000
vt -2.005793 8.861850 0.000000
vt -2.000000 8.905849 0.000000
vt 2.071921 8.888622 0.000000
vt 2.078156 8.932560 0.000000
vt 1.858100 8.460922 0.000000
vt 2.120507 8.767920 0.000000
vt 2.093844 8.803397 0.000000
vt 2.077272 8.844566 0.000000
vt 2.135000 8.480757 0.000000
vt 2.196276 8.723157 0.000000
vt 2.155445 8.740551 0.000000
vt 3.750000 8.480757 0.000000
vt 3.562500 8.649887 0.000000
vt 2.284275 8.722274 0.000000
vt 2.240217 8.716923 0.000000
vt 3.886563 8.496288 0.000000
vt 3.825000 8.619742 0.000000
vt 3.675000 8.619742 0.000000
vt 3.616766 8.627409 0.000000
vt 4.017878 8.542284 0.000000
vt 3.883234 8.627409 0.000000
vt 4.138899 8.616978 0.000000
vt 3.937500 8.649887 0.000000
vt 3.984099 8.685643 0.000000
vt 4.244975 8.717500 0.000000
vt 4.019856 8.732242 0.000000
vt 4.042333 8.786508 0.000000
vt 4.332029 8.839985 0.000000
vt 4.050000 8.844742 0.000000
vt 4.042333 8.902977 0.000000
vt 4.396716 8.979728 0.000000
vt 4.019856 8.957242 0.000000
vt 3.984099 9.003841 0.000000
vt 4.436550 9.131358 0.000000
vt 3.937500 9.039598 0.000000
vt 3.883234 9.062076 0.000000
vt 4.450000 9.289047 0.000000
vt 3.825000 9.069742 0.000000
vt 3.675000 9.069742 0.000000
vt 4.436550 9.446737 0.000000
vt 3.616766 9.062076 0.000000
vt 4.396716 9.598367 0.000000
vt 2.287573 9.050672 0.000000
vt 2.243631 9.056906 0.000000
vt 4.332029 9.738109 0.000000
vt 3.750000 10.097338 0.000000
vt 4.244975 9.860595 0.000000
vt 4.138899 9.961116 0.000000
vt 4.017878 10.035810 0.000000
vt 3.886563 10.081807 0.000000
vt -3.750000 10.097338 0.000000
vt -2.126001 9.070056 0.000000
vt 2.199573 9.051556 0.000000
vt -3.886563 10.081807 0.000000
vt -4.017878 10.035810 0.000000
vt -4.138899 9.961116 0.000000
vt -4.244975 9.860595 0.000000
vt -2.330000 9.075849 0.000000
vt -4.332029 9.738109 0.000000
vt -4.396716 9.598367 0.000000
vt -4.436550 9.446737 0.000000
vt -3.693872 9.103967 0.000000
vt -2.373999 9.070056 0.000000
vt -3.752079 9.111843 0.000000
vt -4.450000 9.289047 0.000000
vt -3.810341 9.104385 0.000000
vt -4.436550 9.131358 0.000000
vt -3.864687 9.082102 0.000000
vt -3.911415 9.046513 0.000000
vt -4.396716 8.979728 0.000000
vt -3.947339 9.000042 0.000000
vt -3.970011 8.945858 0.000000
vt -3.977887 8.887651 0.000000
vt -4.332029 8.839985 0.000000
vt -3.970429 8.829390 0.000000
vt -3.948146 8.775044 0.000000
vt -4.244975 8.717500 0.000000
vt -3.912556 8.728317 0.000000
vt -4.138899 8.616978 0.000000
vt -3.866086 8.692393 0.000000
vt -3.811900 8.669721 0.000000
vt -4.017878 8.542284 0.000000
vt -3.753693 8.661845 0.000000
vt -3.886563 8.496288 0.000000
vt -3.750000 8.480757 0.000000
vt -2.135000 8.480757 0.000000
vt -3.641085 8.691586 0.000000
vt -3.695432 8.669303 0.000000
vt -1.872963 8.463002 0.000000
vt -2.126001 8.741642 0.000000
vt -2.170000 8.735849 0.000000
vt -2.330000 8.735849 0.000000
vt -1.615985 8.409433 0.000000
vt -2.049792 8.785641 0.000000
vt -2.085000 8.758625 0.000000
vt -2.022776 8.820849 0.000000
vt -3.639687 9.081295 0.000000
vt -2.415000 9.053073 0.000000
vt -3.593216 9.045371 0.000000
vt -2.450208 9.026057 0.000000
vt -3.557626 8.998644 0.000000
vt -2.477224 8.990849 0.000000
vt -3.535343 8.944298 0.000000
vt -2.494207 8.949848 0.000000
vt -2.500000 8.905849 0.000000
vt -3.527886 8.886037 0.000000
vt -2.494207 8.861850 0.000000
vt -3.535761 8.827830 0.000000
vt -2.477224 8.820849 0.000000
vt -3.558434 8.773646 0.000000
vt -2.450208 8.785641 0.000000
vt -3.594358 8.727175 0.000000
vt -2.415000 8.758625 0.000000
vt -2.373999 8.741642 0.000000
vt 2.325447 8.738844 0.000000
vt 3.515901 8.685643 0.000000
vt 3.480144 8.732242 0.000000
vt 3.457667 8.786508 0.000000
vt 2.388297 8.800441 0.000000
vt 2.360927 8.765506 0.000000
vt 2.405692 8.841269 0.000000
vt 3.450000 8.844742 0.000000
vt 2.411927 8.885208 0.000000
vt 3.457667 8.902977 0.000000
vt 2.406576 8.929263 0.000000
vt 3.480144 8.957242 0.000000
vt 2.390004 8.970432 0.000000
vt 3.515901 9.003841 0.000000
vt 2.363341 9.005910 0.000000
vt 2.328404 9.033278 0.000000
vt 3.562500 9.039598 0.000000
vt -2.005793 8.949848 0.000000
vt 2.095551 8.973389 0.000000
vt -2.022776 8.990849 0.000000
vt 2.122921 9.008324 0.000000
vt -2.049792 9.026057 0.000000
vt 2.158401 9.034985 0.000000
vt -2.085000 9.053073 0.000000
vt -2.170000 9.075849 0.000000
vt 0.084375 -0.314892 0.000000
vt -2.438676 -0.990941 0.000000
vt 0.168750 -0.629784 0.000000
vt -2.354301 -1.305833 0.000000
vt 0.635000 0.298713 0.000000
vt -0.635000 0.298713 0.000000
vt 0.635000 0.213367 0.000000
vt -0.635000 0.213367 0.000000
vt 0.635000 0.128020 0.000000
vt -0.635000 0.128020 0.000000
vt 0.635000 0.042673 0.000000
vt -0.635000 0.042673 0.000000
vt 0.635000 -0.042673 0.000000
vt -0.635000 -0.042673 0.000000
vt 0.635000 -0.128020 0.000000
vt -0.635000 -0.128020 0.000000
vt 0.635000 -0.213367 0.000000
vt -0.635000 -0.213367 0.000000
vt 0.635000 -0.298713 0.000000
vt -0.635000 -0.298713 0.000000
vt 5.429292 0.635000 0.000000
vt 4.678245 0.635000 0.000000
vt 5.429292 -0.635000 0.000000
vt 4.678245 -0.635000 0.000000
vt 2.066191 0.635000 0.000000
vt 2.066191 -0.635000 0.000000
vt 2.373999 9.133531 0.000000
vt 2.330000 9.127738 0.000000
vt 2.135000 8.463149 0.000000
vt 2.170000 9.127738 0.000000
vt 1.858393 8.443357 0.000000
vt 2.126001 9.133531 0.000000
vt 2.085000 9.150514 0.000000
vt 2.049792 9.177530 0.000000
vt -1.615256 8.391618 0.000000
vt 1.587684 8.383553 0.000000
vt 2.022776 9.212738 0.000000
vt -2.102066 9.195204 0.000000
vt -2.128729 9.159726 0.000000
vt -2.163667 9.132358 0.000000
vt -1.872581 8.445342 0.000000
vt -2.204498 9.114964 0.000000
vt -2.135000 8.463149 0.000000
vt -2.248440 9.108730 0.000000
vt -2.292498 9.114081 0.000000
vt -2.085494 9.236373 0.000000
vt 2.005793 9.253739 0.000000
vt -2.080143 9.280428 0.000000
vt 2.000000 9.297738 0.000000
vt -2.086378 9.324367 0.000000
vt 2.005793 9.341738 0.000000
vt -2.103773 9.365195 0.000000
vt 2.022776 9.382738 0.000000
vt -2.131143 9.400131 0.000000
vt 2.049792 9.417947 0.000000
vt -2.166623 9.426792 0.000000
vt 2.085000 9.444963 0.000000
vt -2.207795 9.443362 0.000000
vt 2.126001 9.461946 0.000000
vt -3.750000 10.079730 0.000000
vt 3.750000 10.079730 0.000000
vt 2.170000 9.467738 0.000000
vt 2.330000 9.467738 0.000000
vt 2.373999 9.461946 0.000000
vt 3.690934 9.495846 0.000000
vt 4.138899 9.943508 0.000000
vt 4.244975 9.842987 0.000000
vt 3.749140 9.503721 0.000000
vt 4.332029 9.720501 0.000000
vt 3.807402 9.496264 0.000000
vt 4.396716 9.580759 0.000000
vt 3.861749 9.473981 0.000000
vt 4.436550 9.429129 0.000000
vt 3.908476 9.438392 0.000000
vt 3.944400 9.391921 0.000000
vt 3.636748 9.473174 0.000000
vt 2.415000 9.444963 0.000000
vt 3.590278 9.437250 0.000000
vt 2.450208 9.417947 0.000000
vt 3.554688 9.390523 0.000000
vt 2.477224 9.382738 0.000000
vt 3.532405 9.336177 0.000000
vt 2.494207 9.341738 0.000000
vt 2.500000 9.297738 0.000000
vt 3.524947 9.277916 0.000000
vt 2.494207 9.253739 0.000000
vt 3.532823 9.219709 0.000000
vt 2.477224 9.212738 0.000000
vt 3.555495 9.165524 0.000000
vt 2.450208 9.177530 0.000000
vt 3.591419 9.119054 0.000000
vt 2.415000 9.150514 0.000000
vt 3.638147 9.083465 0.000000
vt 3.692493 9.061182 0.000000
vt 3.750000 8.463149 0.000000
vt -2.414798 9.321070 0.000000
vt -3.457667 9.294866 0.000000
vt -2.420149 9.277015 0.000000
vt -3.450000 9.236632 0.000000
vt -2.413915 9.233076 0.000000
vt -3.457667 9.178397 0.000000
vt -2.396520 9.192248 0.000000
vt -2.369150 9.157313 0.000000
vt -3.480144 9.124132 0.000000
vt -2.333670 9.130651 0.000000
vt -3.515901 9.077533 0.000000
vt -3.562500 9.041776 0.000000
vt -3.616766 9.019298 0.000000
vt -3.480144 9.349132 0.000000
vt -2.398226 9.362239 0.000000
vt -3.515901 9.395731 0.000000
vt -2.371563 9.397717 0.000000
vt -2.336626 9.425085 0.000000
vt -3.562500 9.431487 0.000000
vt -2.295795 9.442479 0.000000
vt -3.616766 9.453965 0.000000
vt -4.138899 9.943508 0.000000
vt -4.017878 10.018202 0.000000
vt -3.886563 10.064199 0.000000
vt -2.251853 9.448713 0.000000
vt -3.675000 9.461632 0.000000
vt -4.332029 9.720501 0.000000
vt -3.825000 9.461632 0.000000
vt -4.396716 9.580759 0.000000
vt -3.883234 9.453965 0.000000
vt -3.937500 9.431487 0.000000
vt -4.436550 9.429129 0.000000
vt -3.984099 9.395731 0.000000
vt -4.019856 9.349132 0.000000
vt -4.450000 9.271439 0.000000
vt -4.042333 9.294866 0.000000
vt -4.050000 9.236632 0.000000
vt -4.042333 9.178397 0.000000
vt -4.436550 9.113750 0.000000
vt -4.019856 9.124132 0.000000
vt -3.984099 9.077533 0.000000
vt -4.396716 8.962120 0.000000
vt -3.937500 9.041776 0.000000
vt -3.883234 9.019298 0.000000
vt -4.332029 8.822377 0.000000
vt -3.825000 9.011632 0.000000
vt -3.675000 9.011632 0.000000
vt -4.244975 8.699892 0.000000
vt -4.138899 8.599370 0.000000
vt -4.244975 9.842987 0.000000
vt -3.750000 8.463149 0.000000
vt 3.967073 9.337737 0.000000
vt 3.974948 9.279530 0.000000
vt 4.450000 9.271439 0.000000
vt 3.967490 9.221269 0.000000
vt 4.436550 9.113750 0.000000
vt 3.945208 9.166923 0.000000
vt 3.909618 9.120196 0.000000
vt 3.863147 9.084272 0.000000
vt 4.396716 8.962120 0.000000
vt 3.808962 9.061600 0.000000
vt 3.750755 9.053724 0.000000
vt 4.244975 8.699892 0.000000
vt 4.332029 8.822377 0.000000
vt -0.635000 7.257825 0.000000
vt 0.635000 7.257825 0.000000
vt -0.635000 7.308448 0.000000
vt 0.635000 7.308448 0.000000
vt 0.643654 7.432302 0.000000
vt -0.644427 7.437718 0.000000
vt 0.669275 7.553881 0.000000
vt -0.672153 7.563858 0.000000
vt -0.717326 7.685731 0.000000
vt 0.766773 7.781723 0.000000
vt -0.778111 7.800686 0.000000
vt 0.915099 7.980358 0.000000
vt -0.938887 8.005240 0.000000
vt 1.104594 8.147605 0.000000
vt -1.139913 8.172493 0.000000
vt 1.331400 8.283469 0.000000
vt -1.368588 8.301047 0.000000
vt 3.886563 8.478680 0.000000
vt 4.017878 8.524676 0.000000
vt 4.138899 8.599370 0.000000
vt 4.017878 10.018202 0.000000
vt 3.886563 10.064199 0.000000
vt -4.017878 8.524676 0.000000
vt -3.886563 8.478680 0.000000
vt 0.084375 -0.314892 0.000000
vt 0.168750 -0.629784 0.000000
vt 0.809831 -0.120506 0.000000
vt 1.277476 -0.332701 0.000000
vt 0.888456 -0.087939 0.000000
vt 0.955973 -0.036131 0.000000
vt 1.434726 -0.267566 0.000000
vt 1.007780 0.031385 0.000000
vt 1.569760 -0.163951 0.000000
vt 1.040348 0.110010 0.000000
vt 1.673375 -0.028918 0.000000
vt 1.051456 0.194385 0.000000
vt 1.738510 0.128332 0.000000
vt 1.760726 0.297082 0.000000
vt 1.040348 0.278760 0.000000
vt 1.738510 0.465832 0.000000
vt 1.007780 0.357385 0.000000
vt 1.673375 0.623082 0.000000
vt 1.648063 0.666924 0.000000
vt 0.829068 0.666924 0.000000
vn -0.000000 1.000000 -0.000000
vn -0.000000 1.000000 -0.000000
vn -0.000000 1.000000 -0.000000
vn -0.000000 1.000000 -0.000000
vn -0.000000 -0.000000 -1.000000
vn -0.000000 -0.000000 -1.000000
vn -0.258819 -0.000000 -0.965926
vn -0.258819 -0.000000 -0.965926
vn -0.500000 -0.000000 -0.866025
vn -0.500000 -0.000000 -0.866025
vn -0.707107 -0.000000 -0.707107
vn -0.707107 -0.000000 -0.707107
vn -0.866025 -0.000000 -0.500000
vn -0.866025 -0.000000 -0.500000
vn -0.965926 -0.000000 -0.258819
vn -0.965926 -0.000000 -0.258819
vn -1.000000 -0.000000 -0.000000
vn -1.000000 -0.000000 -0.000000
vn 0.000000 1.000000 -0.000000
vn 0.000000 0.997423 0.071748
vn 0.000000 1.000000 -0.000000
vn 0.000000 0.997423 0.071748
vn 0.000000 0.979919 0.199398
vn 0.000000 0.979919 0.199398
vn 0.000000 0.926309 0.376765
vn 0.000000 0.926309 0.376765
vn 0.000000 0.820606 0.571495
vn 0.000000 0.820606 0.571495
vn 0.000000 0.730984 0.682395
vn 0.000000 0.730984 0.682395
vn 0.000000 0.566398 0.824132
vn 0.000000 0.566398 0.824132
vn 0.000000 0.363528 0.931583
vn 0.000000 0.363528 0.931583
vn 0.000000 0.488254 0.872702
vn 0.000000 0.488254 0.872702
vn 0.000000 0.692477 0.721440
vn 0.000000 0.692477 0.721440
vn 0.000000 0.808072 0.589083
vn 0.000000 0.808072 0.589083
vn 0.000000 0.910501 0.413507
vn 0.000000 0.910501 0.413507
vn 0.000000 0.978117 0.208053
vn 0.000000 0.978117 0.208053
vn 0.000000 1.000000 0.000000
vn 0.000000 1.000000 0.000000
vn 0.000000 -1.000000 -0.000000
vn 0.000000 -1.000000 -0.000000
vn 0.000000 -1.000000 -0.000000
vn 0.000000 -1.000000 -0.000000
vn 0.000000 -1.000000 -0.000000
vn 0.000000 -1.000000 -0.000000
vn 0.000000 -1.000000 -0.000000
vn 0.000000 -1.000000 -0.000000
vn 0.000000 -1.000000 -0.000000
vn 0.000000 -1.000000 -0.000000
vn 0.000000 -1.000000 -0.000000
vn 0.000000 -1.000000 -0.000000
vn 0.000000 -1.000000 -0.000000
vn 0.000000 -1.000000 -0.000000
vn 0.000000 -1.000000 -0.000000
vn 0.000000 -0.997423 0.071748
vn 0.000000 -1.000000 -0.000000
vn 0.000000 -0.997423 0.071748
vn 0.000000 -0.979919 0.199398
vn 0.000000 -0.979919 0.199398
vn 0.000000 -0.926309 0.376765
vn 0.000000 -0.926309 0.376765
vn 0.000000 -0.820606 0.571495
vn 0.000000 -0.820606 0.571495
vn 0.000000 -0.730984 0.682395
vn 0.000000 -0.730984 0.682395
vn 0.000000 -0.566398 0.824132
vn 0.000000 -0.566398 0.824132
vn 0.000000 -0.363528 0.931583
vn 0.000000 -0.363528 0.931583
vn 0.000000 -0.488254 0.872702
vn 0.000000 -0.488254 0.872702
vn 0.000000 -0.692477 0.721440
vn 0.000000 -0.692477 0.721440
vn 0.000000 -0.808072 0.589083
vn 0.000000 -0.808072 0.589083
vn 0.000000 -0.910501 0.413507
vn 0.000000 -0.910501 0.413507
vn 0.000000 -0.978117 0.208053
vn 0.000000 -0.978117 0.208053
vn 0.000000 -1.000000 0.000000
vn 0.000000 -1.000000 0.000000
vn -0.000000 1.000000 0.000000
vn -0.000000 1.000000 0.000000
vn -0.000000 1.000000 0.000000
vn -0.000000 1.000000 0.000000
vn -0.000000 1.000000 0.000000
vn -0.000000 1.000000 0.000000
vn -0.000000 1.000000 0.000000
vn -0.000000 1.000000 0.000000
vn -0.000000 1.000000 0.000000
vn -0.000000 1.000000 0.000000
vn -0.000000 1.000000 0.000000
vn -0.000000 1.000000 0.000000
vn -0.000000 -1.000000 -0.000000
vn -0.000000 -1.000000 -0.000000
vn 0.258819 0.000000 0.965926
vn 0.000000 0.000000 1.000000
vn 0.258819 0.000000 0.965926
vn 0.000000 0.000000 1.000000
vn 0.258819 0.000000 0.965926
vn 0.500000 0.000000 0.866025
vn 0.500000 0.000000 0.866025
vn 0.707107 0.000000 0.707107
vn 0.707107 0.000000 0.707107
vn 0.866025 0.000000 0.500000
vn 0.866025 0.000000 0.500000
vn 0.965926 0.000000 0.258819
vn 0.965926 0.000000 0.258819
vn 1.000000 0.000000 0.000000
vn 1.000000 0.000000 0.000000
vn 0.965926 0.000000 0.258819
vn 0.866025 0.000000 0.500000
vn 0.707107 0.000000 0.707107
vn 0.500000 0.000000 0.866025
vn 0.000000 1.000000 -0.000000
vn 0.000000 1.000000 -0.000000
vn 0.000000 1.000000 -0.000000
vn 0.000000 1.000000 -0.000000
vn 1.000000 0.000000 0.000000
vn 1.000000 0.000000 0.000000
vn 1.000000 0.000000 0.000000
vn 1.000000 0.000000 0.000000
vn 1.000000 0.000000 0.000000
vn 1.000000 0.000000 0.000000
vn 1.000000 0.000000 0.000000
vn 1.000000 0.000000 0.000000
vn 1.000000 0.000000 0.000000
vn 1.000000 0.000000 0.000000
vn 1.000000 0.000000 0.000000
vn 1.000000 0.000000 0.000000
vn 1.000000 0.000000 0.000000
vn 1.000000 0.000000 0.000000
vn 1.000000 0.000000 0.000000
vn 1.000000 0.000000 0.000000
vn 1.000000 0.000000 0.000000
vn 1.000000 0.000000 0.000000
vn 1.000000 0.000000 0.000000
vn 1.000000 0.000000 0.000000
vn 1.000000 0.000000 0.000000
vn 1.000000 0.000000 0.000000
vn 1.000000 0.000000 0.000000
vn 1.000000 0.000000 0.000000
vn 1.000000 0.000000 0.000000
vn 1.000000 0.000000 0.000000
vn 1.000000 0.000000 0.000000
vn 1.000000 0.000000 0.000000
vn 1.000000 0.000000 0.000000
vn 1.000000 0.000000 0.000000
vn -0.000000 -1.000000 0.000000
vn -0.000000 -1.000000 0.000000
vn -0.000000 -1.000000 0.000000
vn -0.000000 -1.000000 0.000000
vn -1.000000 -0.000000 -0.000000
vn -1.000000 -0.000000 -0.000000
vn -1.000000 -0.000000 -0.000000
vn -1.000000 -0.000000 -0.000000
vn -1.000000 -0.000000 -0.000000
vn -1.000000 -0.000000 -0.000000
vn -1.000000 -0.000000 -0.000000
vn -1.000000 -0.000000 -0.000000
vn -1.000000 -0.000000 -0.000000
vn -1.000000 -0.000000 -0.000000
vn -1.000000 -0.000000 -0.000000
vn -1.000000 -0.000000 -0.000000
vn -1.000000 -0.000000 -0.000000
vn -1.000000 -0.000000 -0.000000
vn -1.000000 -0.000000 -0.000000
vn -1.000000 -0.000000 -0.000000
vn -1.000000 -0.000000 -0.000000
vn -1.000000 -0.000000 -0.000000
vn -1.000000 -0.000000 -0.000000
vn -1.000000 -0.000000 -0.000000
vn -1.000000 -0.000000 -0.000000
vn -1.000000 -0.000000 -0.000000
vn -1.000000 -0.000000 -0.000000
vn -1.000000 -0.000000 -0.000000
vn -1.000000 -0.000000 -0.000000
vn -1.000000 -0.000000 -0.000000
vn -1.000000 -0.000000 -0.000000
vn -1.000000 -0.000000 -0.000000
vn -1.000000 -0.000000 -0.000000
vn -1.000000 -0.000000 -0.000000
vn 0.000000 -0.000000 -1.000000
vn 0.000000 -0.000000 -1.000000
vn 0.000000 -0.000000 -1.000000
vn 0.000000 -0.000000 -1.000000
vn 0.000000 0.000000 -1.000000
vn 0.000000 0.000000 -1.000000
vn 0.000000 0.117461 -0.993078
vn 0.000000 0.124114 -0.992268
vn 0.000000 0.238750 -0.971081
vn 0.000000 0.252778 -0.967524
vn 0.000000 0.367798 -0.929906
vn 0.000000 0.389560 -0.921001
vn 0.000000 0.507982 -0.861367
vn 0.000000 0.533139 -0.846028
vn 0.000000 0.659930 -0.751327
vn 0.000000 0.681700 -0.731632
vn 0.000000 0.815287 -0.579057
vn 0.000000 0.829230 -0.558908
vn 0.000000 0.886527 -0.462676
vn 0.000000 0.950675 -0.310188
vn 0.000000 0.945678 -0.325106
vn 0.000000 0.985405 -0.170229
vn 0.000000 0.987158 -0.159746
vn 0.000000 1.000000 0.000000
vn 0.000000 1.000000 0.000000
vn 0.000000 1.000000 -0.000000
vn 0.000000 1.000000 -0.000000
vn 0.000000 1.000000 -0.000000
vn 0.000000 1.000000 -0.000000
vn -0.500000 0.000000 0.866025
vn -0.500000 0.000000 0.866025
vn -0.482963 -0.258819 0.836516
vn -0.482963 -0.258819 0.836516
vn -0.433013 -0.500000 0.750000
vn -0.433013 -0.500000 0.750000
vn -0.353553 -0.707107 0.612372
vn -0.353553 -0.707107 0.612372
vn -0.250000 -0.866025 0.433013
vn -0.250000 -0.866025 0.433013
vn -0.129410 -0.965926 0.224144
vn -0.129410 -0.965926 0.224144
vn -0.000000 -1.000000 0.000000
vn -0.000000 -1.000000 0.000000
vn 0.129410 -0.965926 -0.224144
vn 0.129410 -0.965926 -0.224144
vn 0.250000 -0.866025 -0.433013
vn 0.250000 -0.866025 -0.433013
vn 0.353553 -0.707107 -0.612372
vn 0.353553 -0.707107 -0.612372
vn 0.433013 -0.500000 -0.750000
vn 0.433013 -0.500000 -0.750000
vn 0.482963 -0.258819 -0.836516
vn 0.482963 -0.258819 -0.836516
vn 0.500000 -0.000000 -0.866025
vn 0.500000 -0.000000 -0.866025
vn 0.000000 1.000000 -0.000000
vn 0.000000 1.000000 -0.000000
vn 0.000000 1.000000 -0.000000
vn 0.000000 1.000000 -0.000000
vn 0.000000 1.000000 -0.000000
vn 0.000000 1.000000 -0.000000
vn 0.000000 1.000000 -0.000000
vn 0.000000 1.000000 -0.000000
vn 0.000000 1.000000 -0.000000
vn 0.000000 1.000000 -0.000000
vn 0.000000 1.000000 -0.000000
vn 0.000000 1.000000 -0.000000
vn 0.000000 1.000000 -0.000000
vn 0.000000 1.000000 -0.000000
vn 0.000000 1.000000 -0.000000
vn 0.000000 1.000000 -0.000000
vn 0.000000 1.000000 -0.000000
vn 0.000000 1.000000 -0.000000
vn 0.000000 1.000000 -0.000000
vn 0.000000 1.000000 -0.000000
vn 0.000000 1.000000 -0.000000
vn 0.000000 1.000000 -0.000000
vn 0.000000 1.000000 -0.000000
vn 0.000000 1.000000 -0.000000
vn 0.500000 -0.000000 -0.866025
vn 0.500000 -0.000000 -0.866025
vn 0.482963 0.258819 -0.836516
vn 0.482963 0.258819 -0.836516
vn 0.433013 0.500000 -0.750000
vn 0.433013 0.500000 -0.750000
vn 0.353553 0.707107 -0.612372
vn 0.353553 0.707107 -0.612372
vn 0.250000 0.866025 -0.433013
vn 0.250000 0.866025 -0.433013
vn 0.129410 0.965926 -0.224144
vn 0.129410 0.965926 -0.224144
vn 0.000000 1.000000 -0.000000
vn 0.000000 1.000000 -0.000000
vn -0.129410 0.965926 0.224144
vn -0.129410 0.965926 0.224144
vn -0.250000 0.866025 0.433013
vn -0.250000 0.866025 0.433013
vn -0.353553 0.707107 0.612372
vn -0.353553 0.707107 0.612372
vn -0.433013 0.500000 0.750000
vn -0.433013 0.500000 0.750000
vn -0.482963 0.258819 0.836516
vn -0.482963 0.258819 0.836516
vn -0.500000 0.000000 0.866025
vn -0.500000 0.000000 0.866025
vn 0.134252 0.968411 -0.210136
vn 0.005020 0.999882 0.014490
vn 0.005020 0.999882 0.014490
vn -0.124554 0.963214 0.238129
vn -0.124554 0.963214 0.238129
vn -0.245640 0.860904 0.445540
vn -0.245640 0.860904 0.445540
vn -0.349986 0.699925 0.622588
vn -0.349986 0.699925 0.622588
vn -0.430481 0.491247 0.757207
vn -0.430481 0.491247 0.757207
vn -0.481639 0.249091 0.840224
vn -0.481639 0.249091 0.840224
vn -0.499975 -0.010040 0.865982
vn -0.499975 -0.010040 0.865982
vn -0.484238 -0.268486 0.832724
vn -0.484238 -0.268486 0.832724
vn -0.435501 -0.508636 0.742717
vn -0.435501 -0.508636 0.742717
vn -0.357085 -0.714123 0.602096
vn -0.357085 -0.714123 0.602096
vn -0.254335 -0.870943 0.420442
vn -0.254335 -0.870943 0.420442
vn -0.134252 -0.968411 0.210136
vn -0.134252 -0.968411 0.210136
vn -0.005020 -0.999882 -0.014490
vn -0.005020 -0.999882 -0.014490
vn 0.124554 -0.963214 -0.238129
vn 0.124554 -0.963214 -0.238129
vn 0.245640 -0.860904 -0.445540
vn 0.245640 -0.860904 -0.445540
vn 0.349986 -0.699925 -0.622588
vn 0.349986 -0.699925 -0.622588
vn 0.430481 -0.491247 -0.757207
vn 0.430481 -0.491247 -0.757207
vn 0.481639 -0.249091 -0.840224
vn 0.481639 -0.249091 -0.840224
vn 0.499975 0.010040 -0.865982
vn 0.499975 0.010040 -0.865982
vn 0.484238 0.268486 -0.832724
vn 0.484238 0.268486 -0.832724
vn 0.435501 0.508636 -0.742717
vn 0.435501 0.508636 -0.742717
vn 0.357085 0.714123 -0.602096
vn 0.357085 0.714123 -0.602096
vn 0.254335 0.870943 -0.420442
vn 0.254335 0.870943 -0.420442
vn 0.134252 0.968411 -0.210136
vn 1.000000 -0.000000 0.000000
vn 1.000000 -0.000000 0.000000
vn 0.965926 -0.000000 -0.258819
vn 0.965926 -0.000000 -0.258819
vn 0.866025 -0.000000 -0.500000
vn 0.866025 -0.000000 -0.500000
vn 0.707107 -0.000000 -0.707107
vn 0.707107 -0.000000 -0.707107
vn 0.500000 -0.000000 -0.866025
vn 0.500000 -0.000000 -0.866025
vn 0.258819 -0.000000 -0.965926
vn 0.258819 -0.000000 -0.965926
vn -0.500000 0.000000 0.866025
vn -0.500000 0.000000 0.866025
vn 0.000000 -0.195090 -0.980785
vn 0.000000 -0.195090 -0.980785
vn 0.000000 -0.382683 -0.923880
vn 0.000000 -0.382683 -0.923880
vn 0.000000 -0.555570 -0.831470
vn 0.000000 -0.555570 -0.831470
vn 0.000000 -0.707107 -0.707107
vn 0.000000 -0.707107 -0.707107
vn 0.000000 -0.831470 -0.555570
vn 0.000000 -0.831470 -0.555570
vn 0.000000 -0.923880 -0.382683
vn 0.000000 -0.923880 -0.382683
vn 0.000000 -0.980785 -0.195090
vn 0.000000 -0.980785 -0.195090
vn 0.000000 -1.000000 -0.000000
vn 0.000000 -1.000000 -0.000000
vn -0.000000 -0.980785 0.195090
vn -0.000000 -0.980785 0.195090
vn -0.000000 -0.923880 0.382683
vn -0.000000 -0.923880 0.382683
vn -0.000000 -0.831470 0.555570
vn -0.000000 -0.831470 0.555570
vn -0.000000 -0.707107 0.707107
vn -0.000000 -0.707107 0.707107
vn -0.000000 -0.555570 0.831470
vn -0.000000 -0.555570 0.831470
vn -0.000000 -0.382683 0.923880
vn -0.000000 -0.382683 0.923880
vn -0.000000 -0.195090 0.980785
vn -0.000000 -0.195090 0.980785
vn -0.000000 0.000000 1.000000
vn -0.000000 0.000000 1.000000
vn 0.000000 -0.000000 -1.000000
vn 0.000000 -0.000000 -1.000000
vn 0.500000 -0.000000 -0.866025
vn 0.500000 -0.000000 -0.866025
vn -0.000000 0.000000 1.000000
vn -0.000000 0.000000 1.000000
vn -0.500000 0.000000 0.866025
vn -0.500000 0.000000 0.866025
vn 0.127676 -0.964983 -0.229145
vn 0.127676 -0.964983 -0.229145
vn -0.001794 -0.999985 -0.005179
vn -0.001794 -0.999985 -0.005179
vn -0.131141 -0.966840 0.219140
vn 0.248445 -0.864218 -0.437495
vn 0.248445 -0.864218 -0.437495
vn 0.352283 -0.704559 -0.616030
vn 0.352283 -0.704559 -0.616030
vn 0.432113 -0.496885 -0.752584
vn 0.432113 -0.496885 -0.752584
vn 0.482496 -0.255350 -0.837851
vn 0.482496 -0.255350 -0.837851
vn 0.499997 0.003588 -0.866020
vn 0.499997 0.003588 -0.866020
vn 0.483424 0.262281 -0.835171
vn 0.483424 0.262281 -0.835171
vn 0.433907 0.503100 -0.747406
vn 0.433907 0.503100 -0.747406
vn 0.354820 0.709633 -0.608707
vn 0.354820 0.709633 -0.608707
vn 0.251552 0.867806 -0.428525
vn 0.251552 0.867806 -0.428525
vn 0.131141 0.966840 -0.219140
vn 0.131141 0.966840 -0.219140
vn 0.001794 0.999985 0.005179
vn 0.001794 0.999985 0.005179
vn -0.127676 0.964983 0.229145
vn -0.127676 0.964983 0.229145
vn -0.248445 0.864218 0.437495
vn -0.248445 0.864218 0.437495
vn -0.352283 0.704559 0.616030
vn -0.352283 0.704559 0.616030
vn -0.432113 0.496885 0.752584
vn -0.432113 0.496885 0.752584
vn -0.482496 0.255350 0.837851
vn -0.482496 0.255350 0.837851
vn -0.499997 -0.003588 0.866020
vn -0.499997 -0.003588 0.866020
vn -0.483424 -0.262281 0.835171
vn -0.483424 -0.262281 0.835171
vn -0.433907 -0.503100 0.747406
vn -0.433907 -0.503100 0.747406
vn -0.354820 -0.709633 0.608707
vn -0.354820 -0.709633 0.608707
vn -0.251552 -0.867806 0.428525
vn -0.251552 -0.867806 0.428525
vn -0.131141 -0.966840 0.219140
vn 0.500000 -0.000000 -0.866025
vn 0.500000 -0.000000 -0.866025
vn -0.482963 -0.258819 0.836516
vn -0.482963 -0.258819 0.836516
vn -0.433013 -0.500000 0.750000
vn -0.433013 -0.500000 0.750000
vn -0.353553 -0.707107 0.612372
vn -0.353553 -0.707107 0.612372
vn -0.250000 -0.866025 0.433013
vn -0.250000 -0.866025 0.433013
vn -0.129410 -0.965926 0.224144
vn -0.129410 -0.965926 0.224144
vn -0.000000 -1.000000 0.000000
vn -0.000000 -1.000000 0.000000
vn 0.129410 -0.965926 -0.224144
vn 0.129410 -0.965926 -0.224144
vn 0.250000 -0.866025 -0.433013
vn 0.250000 -0.866025 -0.433013
vn 0.353553 -0.707107 -0.612372
vn 0.353553 -0.707107 -0.612372
vn 0.433013 -0.500000 -0.750000
vn 0.433013 -0.500000 -0.750000
vn 0.482963 -0.258819 -0.836516
vn 0.482963 -0.258819 -0.836516
vn -1.000000 0.000000 -0.000000
vn -1.000000 0.000000 -0.000000
vn -0.965926 0.000000 0.258819
vn -0.965926 0.000000 0.258819
vn -0.866025 0.000000 0.500000
vn -0.866025 0.000000 0.500000
vn -0.707107 0.000000 0.707107
vn -0.707107 0.000000 0.707107
vn -0.500000 0.000000 0.866025
vn -0.500000 0.000000 0.866025
vn -0.258819 0.000000 0.965926
vn -0.258819 0.000000 0.965926
vn -0.000000 -1.000000 0.000000
vn -0.000000 -1.000000 0.000000
vn -0.000000 -1.000000 0.000000
vn -0.000000 -1.000000 0.000000
vn -0.000000 -1.000000 0.000000
vn -0.000000 -1.000000 0.000000
vn -0.000000 -1.000000 0.000000
vn -0.000000 -1.000000 0.000000
vn -0.000000 -1.000000 0.000000
vn -0.000000 -1.000000 0.000000
vn 0.482963 0.258819 -0.836516
vn 0.482963 0.258819 -0.836516
vn 0.433013 0.500000 -0.750000
vn 0.433013 0.500000 -0.750000
vn 0.353553 0.707107 -0.612372
vn 0.353553 0.707107 -0.612372
vn 0.250000 0.866025 -0.433013
vn 0.250000 0.866025 -0.433013
vn 0.129410 0.965926 -0.224144
vn 0.129410 0.965926 -0.224144
vn 0.000000 1.000000 -0.000000
vn 0.000000 1.000000 -0.000000
vn -0.129410 0.965926 0.224144
vn -0.129410 0.965926 0.224144
vn -0.250000 0.866025 0.433013
vn -0.250000 0.866025 0.433013
vn -0.353553 0.707107 0.612372
vn -0.353553 0.707107 0.612372
vn -0.433013 0.500000 0.750000
vn -0.433013 0.500000 0.750000
vn -0.482963 0.258819 0.836516
vn -0.482963 0.258819 0.836516
vn -0.000000 0.195090 0.980785
vn -0.000000 0.195090 0.980785
vn -0.000000 0.382683 0.923880
vn -0.000000 0.382683 0.923880
vn -0.000000 0.555570 0.831470
vn -0.000000 0.555570 0.831470
vn -0.000000 0.707107 0.707107
vn -0.000000 0.707107 0.707107
vn -0.000000 0.831470 0.555570
vn -0.000000 0.831470 0.555570
vn -0.000000 0.923880 0.382683
vn -0.000000 0.923880 0.382683
vn -0.000000 0.980785 0.195090
vn -0.000000 0.980785 0.195090
vn -0.000000 1.000000 0.000000
vn -0.000000 1.000000 0.000000
vn 0.000000 0.980785 -0.195090
vn 0.000000 0.980785 -0.195090
vn 0.000000 0.923880 -0.382683
vn 0.000000 0.923880 -0.382683
vn 0.000000 0.831470 -0.555570
vn 0.000000 0.831470 -0.555570
vn 0.000000 0.707107 -0.707107
vn 0.000000 0.707107 -0.707107
vn 0.000000 0.555570 -0.831470
vn 0.000000 0.555570 -0.831470
vn 0.000000 0.382683 -0.923880
vn 0.000000 0.382683 -0.923880
vn 0.000000 0.195090 -0.980785
vn 0.000000 0.195090 -0.980785
vn 0.258819 -0.000000 -0.965926
vn 0.258819 -0.000000 -0.965926
vn 0.258819 -0.000000 -0.965926
vn 0.258819 -0.000000 -0.965926
vn -0.000000 -0.117635 -0.993057
vn -0.000000 -0.124248 -0.992251
vn -0.000000 -0.239109 -0.970993
vn -0.000000 -0.253060 -0.967451
vn -0.000000 -0.368388 -0.929672
vn -0.000000 -0.390017 -0.920808
vn -0.000000 -0.508811 -0.860878
vn -0.000000 -0.533786 -0.845620
vn -0.000000 -0.661034 -0.750356
vn -0.000000 -0.682523 -0.730865
vn -0.000000 -0.816587 -0.577222
vn -0.000000 -0.830088 -0.557632
vn -0.000000 -0.887738 -0.460350
vn -0.000000 -0.951169 -0.308672
vn -0.000000 -0.946711 -0.322083
vn -0.000000 -0.986020 -0.166625
vn -0.000000 -0.987234 -0.159277
vn -0.000000 -1.000000 -0.000000
vn -0.000000 -1.000000 -0.000000
vn 0.866025 -0.000000 0.500000
vn 0.866025 -0.000000 0.500000
vn 0.965926 -0.000000 0.258819
vn 0.965926 -0.000000 0.258819
vn 1.000000 -0.000000 0.000000
vn 1.000000 -0.000000 0.000000
vn 0.965926 -0.000000 -0.258819
vn 0.965926 -0.000000 -0.258819
vn 0.866025 -0.000000 -0.500000
vn 0.866025 -0.000000 -0.500000
vn 0.707107 -0.000000 -0.707107
vn 0.707107 -0.000000 -0.707107
vn 0.500000 -0.000000 -0.866025
vn 0.500000 -0.000000 -0.866025
vn -0.866025 0.000000 -0.500000
vn -0.866025 0.000000 -0.500000
vn -0.866025 0.000000 -0.500000
vn -0.866025 0.000000 -0.500000
vn -0.866025 0.000000 -0.500000
vn -0.866025 0.000000 -0.500000
vn -0.866025 0.000000 -0.500000
vn -0.866025 0.000000 -0.500000
vn -0.866025 0.000000 -0.500000
vn -0.866025 0.000000 -0.500000
vn -0.866025 0.000000 -0.500000
vn -0.866025 0.000000 -0.500000
vn -0.866025 0.000000 -0.500000
vn -0.866025 0.000000 -0.500000
vn -0.866025 0.000000 -0.500000
vn -0.866025 0.000000 -0.500000
vn -0.866025 0.000000 -0.500000
vn -0.866025 0.000000 -0.500000
vn -0.866025 0.000000 -0.500000
vn -0.866025 0.000000 -0.500000
vn -0.866025 0.000000 -0.500000
vn -0.866025 0.000000 -0.500000
vn -0.866025 0.000000 -0.500000
vn -0.866025 0.000000 -0.500000
vn -0.866025 0.000000 -0.500000
vn -0.866025 0.000000 -0.500000
vn -0.866025 0.000000 -0.500000
vn -0.866025 0.000000 -0.500000
vn -0.866025 0.000000 -0.500000
vn -0.866025 0.000000 -0.500000
vn -0.866025 0.000000 -0.500000
vn -0.866025 0.000000 -0.500000
vn -0.866025 0.000000 -0.500000
vn -0.866025 0.000000 -0.500000
vn -0.866025 0.000000 -0.500000
vn -0.866025 0.000000 -0.500000
vn -0.866025 0.000000 -0.500000
vn -0.866025 0.000000 -0.500000
vn -0.866025 0.000000 -0.500000
vn -0.866025 0.000000 -0.500000
vn -0.866025 0.000000 -0.500000
vn -0.866025 0.000000 -0.500000
vn -0.866025 0.000000 -0.500000
vn -0.866025 0.000000 -0.500000
vn -0.866025 0.000000 -0.500000
vn -0.866025 0.000000 -0.500000
vn -0.866025 0.000000 -0.500000
vn -0.866025 0.000000 -0.500000
vn -0.866025 0.000000 -0.500000
vn -0.866025 0.000000 -0.500000
vn -0.866025 0.000000 -0.500000
vn -0.866025 0.000000 -0.500000
vn -0.866025 0.000000 -0.500000
vn -0.866025 0.000000 -0.500000
vn -0.866025 0.000000 -0.500000
vn -0.866025 0.000000 -0.500000
vn -0.866025 0.000000 -0.500000
vn -0.866025 0.000000 -0.500000
vn -0.866025 0.000000 -0.500000
vn -0.866025 0.000000 -0.500000
vn -0.866025 0.000000 -0.500000
vn -0.866025 0.000000 -0.500000
vn -0.866025 0.000000 -0.500000
vn -0.866025 0.000000 -0.500000
vn -0.866025 0.000000 -0.500000
vn -0.866025 0.000000 -0.500000
vn -0.866025 0.000000 -0.500000
vn -0.866025 0.000000 -0.500000
vn -0.866025 0.000000 -0.500000
vn -0.866025 0.000000 -0.500000
vn -0.866025 0.000000 -0.500000
vn -0.866025 0.000000 -0.500000
vn -0.866025 0.000000 -0.500000
vn -0.866025 0.000000 -0.500000
vn -0.866025 0.000000 -0.500000
vn -0.866025 0.000000 -0.500000
vn -0.866025 0.000000 -0.500000
vn -0.866025 0.000000 -0.500000
vn -0.866025 0.000000 -0.500000
vn -0.866025 0.000000 -0.500000
vn -0.866025 0.000000 -0.500000
vn -0.866025 0.000000 -0.500000
vn -0.866025 0.000000 -0.500000
vn -0.866025 0.000000 -0.500000
vn -0.866025 0.000000 -0.500000
vn -0.866025 0.000000 -0.500000
vn -0.866025 0.000000 -0.500000
vn -0.866025 0.000000 -0.500000
vn -0.866025 0.000000 -0.500000
vn -0.866025 0.000000 -0.500000
vn -0.866025 0.000000 -0.500000
vn -0.866025 0.000000 -0.500000
vn -0.866025 0.000000 -0.500000
vn -0.866025 0.000000 -0.500000
vn -0.866025 0.000000 -0.500000
vn -0.866025 0.000000 -0.500000
vn -0.866025 0.000000 -0.500000
vn -0.866025 0.000000 -0.500000
vn -0.866025 0.000000 -0.500000
vn -0.866025 0.000000 -0.500000
vn -0.866025 0.000000 -0.500000
vn -0.866025 0.000000 -0.500000
vn -0.866025 0.000000 -0.500000
vn -0.866025 0.000000 -0.500000
vn -0.866025 0.000000 -0.500000
vn -0.866025 0.000000 -0.500000
vn -0.866025 0.000000 -0.500000
vn -0.866025 0.000000 -0.500000
vn -0.866025 0.000000 -0.500000
vn -0.866025 0.000000 -0.500000
vn -0.866025 0.000000 -0.500000
vn -0.866025 0.000000 -0.500000
vn -0.866025 0.000000 -0.500000
vn -0.866025 0.000000 -0.500000
vn -0.866025 0.000000 -0.500000
vn -0.866025 0.000000 -0.500000
vn -0.866025 0.000000 -0.500000
vn -0.866025 0.000000 -0.500000
vn -0.866025 0.000000 -0.500000
vn -0.866025 0.000000 -0.500000
vn -0.866025 0.000000 -0.500000
vn -0.866025 0.000000 -0.500000
vn -0.866025 0.000000 -0.500000
vn -0.866025 0.000000 -0.500000
vn -0.866025 0.000000 -0.500000
vn -0.866025 0.000000 -0.500000
vn -0.866025 0.000000 -0.500000
vn -0.866025 0.000000 -0.500000
vn -0.866025 0.000000 -0.500000
vn -0.866025 0.000000 -0.500000
vn -0.866025 0.000000 -0.500000
vn -0.866025 0.000000 -0.500000
vn -0.866025 0.000000 -0.500000
vn -0.866025 0.000000 -0.500000
vn -0.866025 0.000000 -0.500000
vn -0.866025 0.000000 -0.500000
vn -0.866025 0.000000 -0.500000
vn -0.866025 0.000000 -0.500000
vn -0.866025 0.000000 -0.500000
vn -0.866025 0.000000 -0.500000
vn -0.866025 0.000000 -0.500000
vn -0.866025 0.000000 -0.500000
vn -0.866025 0.000000 -0.500000
vn -0.866025 0.000000 -0.500000
vn -0.866025 0.000000 -0.500000
vn -0.866025 0.000000 -0.500000
vn -0.866025 0.000000 -0.500000
vn -0.866025 0.000000 -0.500000
vn -0.866025 0.000000 -0.500000
vn -0.866025 0.000000 -0.500000
vn -0.866025 0.000000 -0.500000
vn -0.866025 0.000000 -0.500000
vn -0.866025 0.000000 -0.500000
vn -0.866025 0.000000 -0.500000
vn -0.866025 0.000000 -0.500000
vn -0.866025 0.000000 -0.500000
vn -0.866025 0.000000 -0.500000
vn -0.000000 -1.000000 0.000000
vn -0.000000 -1.000000 0.000000
vn -0.258819 0.000000 0.965926
vn -0.258819 0.000000 0.965926
vn -0.500000 0.000000 0.866025
vn -0.500000 0.000000 0.866025
vn -0.707107 0.000000 0.707107
vn -0.707107 0.000000 0.707107
vn -0.866025 0.000000 0.500000
vn -0.866025 0.000000 0.500000
vn -0.965926 0.000000 0.258819
vn -0.965926 0.000000 0.258819
vn -1.000000 0.000000 -0.000000
vn -1.000000 0.000000 -0.000000
vn -0.965926 0.000000 -0.258819
vn -0.965926 0.000000 -0.258819
vn -0.258819 0.000000 0.965926
vn -0.258819 0.000000 0.965926
vn 0.866025 -0.000000 0.500000
vn 0.866025 -0.000000 0.500000
vn 0.866025 -0.000000 0.500000
vn 0.866025 -0.000000 0.500000
vn 0.866025 -0.000000 0.500000
vn 0.866025 -0.000000 0.500000
vn 0.866025 -0.000000 0.500000
vn 0.866025 -0.000000 0.500000
vn 0.866025 -0.000000 0.500000
vn 0.866025 -0.000000 0.500000
vn 0.866025 -0.000000 0.500000
vn 0.866025 -0.000000 0.500000
vn 0.866025 -0.000000 0.500000
vn 0.866025 -0.000000 0.500000
vn 0.866025 -0.000000 0.500000
vn 0.866025 -0.000000 0.500000
vn 0.866025 -0.000000 0.500000
vn 0.866025 -0.000000 0.500000
vn 0.866025 -0.000000 0.500000
vn 0.866025 -0.000000 0.500000
vn 0.866025 -0.000000 0.500000
vn 0.866025 -0.000000 0.500000
vn 0.866025 -0.000000 0.500000
vn 0.866025 -0.000000 0.500000
vn 0.866025 -0.000000 0.500000
vn 0.866025 -0.000000 0.500000
vn 0.866025 -0.000000 0.500000
vn 0.866025 -0.000000 0.500000
vn 0.866025 -0.000000 0.500000
vn 0.866025 -0.000000 0.500000
vn 0.866025 -0.000000 0.500000
vn 0.866025 -0.000000 0.500000
vn 0.866025 -0.000000 0.500000
vn 0.866025 -0.000000 0.500000
vn 0.866025 -0.000000 0.500000
vn 0.866025 -0.000000 0.500000
vn 0.866025 -0.000000 0.500000
vn 0.866025 -0.000000 0.500000
vn 0.866025 -0.000000 0.500000
vn 0.866025 -0.000000 0.500000
vn 0.866025 -0.000000 0.500000
vn 0.866025 -0.000000 0.500000
vn 0.866025 -0.000000 0.500000
vn 0.866025 -0.000000 0.500000
vn 0.866025 -0.000000 0.500000
vn 0.866025 -0.000000 0.500000
vn 0.866025 -0.000000 0.500000
vn 0.866025 -0.000000 0.500000
vn 0.866025 -0.000000 0.500000
vn 0.866025 -0.000000 0.500000
vn 0.866025 -0.000000 0.500000
vn 0.866025 -0.000000 0.500000
vn 0.866025 -0.000000 0.500000
vn 0.866025 -0.000000 0.500000
vn 0.866025 -0.000000 0.500000
vn 0.866025 -0.000000 0.500000
vn 0.866025 -0.000000 0.500000
vn 0.866025 -0.000000 0.500000
vn 0.866025 -0.000000 0.500000
vn 0.866025 -0.000000 0.500000
vn 0.866025 -0.000000 0.500000
vn 0.866025 -0.000000 0.500000
vn 0.866025 -0.000000 0.500000
vn 0.866025 -0.000000 0.500000
vn 0.866025 -0.000000 0.500000
vn 0.866025 -0.000000 0.500000
vn 0.866025 -0.000000 0.500000
vn 0.866025 -0.000000 0.500000
vn 0.866025 -0.000000 0.500000
vn 0.866025 -0.000000 0.500000
vn 0.866025 -0.000000 0.500000
vn 0.866025 -0.000000 0.500000
vn 0.866025 -0.000000 0.500000
vn 0.866025 -0.000000 0.500000
vn 0.866025 -0.000000 0.500000
vn 0.866025 -0.000000 0.500000
vn 0.866025 -0.000000 0.500000
vn 0.866025 -0.000000 0.500000
vn 0.866025 -0.000000 0.500000
vn 0.866025 -0.000000 0.500000
vn 0.866025 -0.000000 0.500000
vn 0.866025 -0.000000 0.500000
vn 0.866025 -0.000000 0.500000
vn 0.866025 -0.000000 0.500000
vn 0.866025 -0.000000 0.500000
vn 0.866025 -0.000000 0.500000
vn 0.866025 -0.000000 0.500000
vn 0.866025 -0.000000 0.500000
vn 0.866025 -0.000000 0.500000
vn 0.866025 -0.000000 0.500000
vn 0.866025 -0.000000 0.500000
vn 0.866025 -0.000000 0.500000
vn 0.866025 -0.000000 0.500000
vn 0.866025 -0.000000 0.500000
vn 0.866025 -0.000000 0.500000
vn 0.866025 -0.000000 0.500000
vn 0.866025 -0.000000 0.500000
vn 0.866025 -0.000000 0.500000
vn 0.866025 -0.000000 0.500000
vn 0.866025 -0.000000 0.500000
vn 0.866025 -0.000000 0.500000
vn 0.866025 -0.000000 0.500000
vn 0.866025 -0.000000 0.500000
vn 0.866025 -0.000000 0.500000
vn 0.866025 -0.000000 0.500000
vn 0.866025 -0.000000 0.500000
vn 0.866025 -0.000000 0.500000
vn 0.866025 -0.000000 0.500000
vn 0.866025 -0.000000 0.500000
vn 0.866025 -0.000000 0.500000
vn 0.866025 -0.000000 0.500000
vn 0.866025 -0.000000 0.500000
vn 0.866025 -0.000000 0.500000
vn 0.866025 -0.000000 0.500000
vn 0.866025 -0.000000 0.500000
vn 0.866025 -0.000000 0.500000
vn 0.866025 -0.000000 0.500000
vn 0.866025 -0.000000 0.500000
vn 0.866025 -0.000000 0.500000
vn 0.866025 -0.000000 0.500000
vn 0.866025 -0.000000 0.500000
vn 0.866025 -0.000000 0.500000
vn 0.866025 -0.000000 0.500000
vn 0.866025 -0.000000 0.500000
vn 0.866025 -0.000000 0.500000
vn 0.866025 -0.000000 0.500000
vn 0.866025 -0.000000 0.500000
vn 0.866025 -0.000000 0.500000
vn 0.866025 -0.000000 0.500000
vn 0.866025 -0.000000 0.500000
vn 0.866025 -0.000000 0.500000
vn 0.866025 -0.000000 0.500000
vn 0.866025 -0.000000 0.500000
vn 0.866025 -0.000000 0.500000
vn 0.866025 -0.000000 0.500000
vn 0.866025 -0.000000 0.500000
vn 0.866025 -0.000000 0.500000
vn 0.866025 -0.000000 0.500000
vn 0.866025 -0.000000 0.500000
vn 0.866025 -0.000000 0.500000
vn 0.866025 -0.000000 0.500000
vn 0.866025 -0.000000 0.500000
vn 0.866025 -0.000000 0.500000
vn 0.866025 -0.000000 0.500000
vn 0.866025 -0.000000 0.500000
vn 0.866025 -0.000000 0.500000
vn 0.866025 -0.000000 0.500000
vn 0.866025 -0.000000 0.500000
vn 0.866025 -0.000000 0.500000
vn 0.866025 -0.000000 0.500000
vn 0.866025 -0.000000 0.500000
vn 0.866025 -0.000000 0.500000
vn 0.866025 -0.000000 0.500000
vn 0.866025 -0.000000 0.500000
vn 0.866025 -0.000000 0.500000
vn -0.000000 -1.000000 0.000000
vn -0.000000 -1.000000 0.000000
vn -0.000000 -1.000000 0.000000
vn -0.000000 -1.000000 0.000000
vn -0.000000 -1.000000 0.000000
vn -0.000000 -1.000000 0.000000
vn -0.000000 -1.000000 0.000000
vn -0.000000 -1.000000 0.000000
vn -0.000000 -1.000000 0.000000
vn -0.000000 -1.000000 0.000000
vn -0.000000 -1.000000 0.000000
vn -0.000000 -1.000000 0.000000
vn -0.000000 -1.000000 0.000000
vn -0.000000 -1.000000 0.000000
vn -0.000000 -1.000000 0.000000
vn -0.000000 -1.000000 0.000000
usemtl Acero_-_Satinado
f 69/165/149 70/166/150 72/167/151
f 72/167/151 70/166/150 71/168/152
f 73/169/153 74/170/154 85/171/155
f 85/171/155 74/170/154 75/172/156
f 85/171/155 75/172/156 84/173/157
f 84/173/157 75/172/156 76/174/158
f 84/173/157 76/174/158 83/175/159
f 83/175/159 76/174/158 77/176/160
f 83/175/159 77/176/160 82/177/161
f 82/177/161 77/176/160 78/178/162
f 82/177/161 78/178/162 81/179/163
f 81/179/163 78/178/162 79/180/164
f 81/179/163 79/180/164 69/181/165
f 69/181/165 79/180/164 80/182/166
f 87/183/167 88/184/168 86/185/169
f 86/185/169 88/184/168 111/186/170
f 111/186/170 88/184/168 89/187/171
f 111/186/170 89/187/171 110/188/172
f 110/188/172 89/187/171 90/189/173
f 110/188/172 90/189/173 109/190/174
f 109/190/174 90/189/173 91/191/175
f 109/190/174 91/191/175 108/192/176
f 108/192/176 91/191/175 92/193/177
f 108/192/176 92/193/177 107/194/178
f 107/194/178 92/193/177 93/195/179
f 107/194/178 93/195/179 106/196/180
f 106/196/180 93/195/179 94/197/181
f 106/196/180 94/197/181 105/198/182
f 105/198/182 94/197/181 95/199/183
f 105/198/182 95/199/183 104/200/184
f 104/200/184 95/199/183 96/201/185
f 104/200/184 96/201/185 103/202/186
f 103/202/186 96/201/185 97/203/187
f 103/202/186 97/203/187 102/204/188
f 102/204/188 97/203/187 98/205/189
f 102/204/188 98/205/189 101/206/190
f 101/206/190 98/205/189 99/207/191
f 101/206/190 99/207/191 100/208/192
f 100/208/192 99/207/191 71/209/193
f 100/208/192 71/209/193 70/210/194
f 112/211/195 113/212/196 74/213/197
f 74/213/197 113/212/196 75/214/198
f 75/214/198 113/212/196 76/215/199
f 76/215/199 113/212/196 114/216/200
f 76/215/199 114/216/200 77/217/201
f 77/217/201 114/216/200 115/218/202
f 77/217/201 115/218/202 78/219/203
f 78/219/203 115/218/202 116/220/204
f 78/219/203 116/220/204 79/221/205
f 79/221/205 116/220/204 117/222/206
f 79/221/205 117/222/206 80/223/207
f 80/223/207 117/222/206 118/224/208
f 119/225/209 120/226/210 146/227/211
f 146/227/211 120/226/210 145/228/212
f 145/228/212 120/226/210 121/229/213
f 145/228/212 121/229/213 144/230/214
f 144/230/214 121/229/213 122/231/215
f 144/230/214 122/231/215 143/232/216
f 143/232/216 122/231/215 123/233/217
f 143/232/216 123/233/217 142/234/218
f 142/234/218 123/233/217 124/235/219
f 142/234/218 124/235/219 141/236/220
f 141/236/220 124/235/219 125/237/221
f 141/236/220 125/237/221 140/238/222
f 140/238/222 125/237/221 126/239/223
f 140/238/222 126/239/223 139/240/224
f 139/240/224 126/239/223 127/241/225
f 139/240/224 127/241/225 138/242/226
f 138/242/226 127/241/225 128/243/227
f 138/242/226 128/243/227 137/244/228
f 137/244/228 128/243/227 129/245/229
f 137/244/228 129/245/229 136/246/230
f 136/246/230 129/245/229 130/247/231
f 136/246/230 130/247/231 135/248/232
f 135/248/232 130/247/231 131/249/233
f 135/248/232 131/249/233 134/250/234
f 134/250/234 131/249/233 132/251/235
f 134/250/234 132/251/235 133/252/236
f 69/253/149 72/254/151 81/255/237
f 81/255/237 72/254/151 147/256/238
f 81/255/237 147/256/238 148/257/239
f 81/255/237 148/257/239 82/258/240
f 82/258/240 148/257/239 149/259/241
f 82/258/240 149/259/241 83/260/242
f 83/260/242 149/259/241 150/261/243
f 83/260/242 150/261/243 84/262/244
f 84/262/244 150/261/243 151/263/245
f 84/262/244 151/263/245 85/264/246
f 85/264/246 151/263/245 73/265/247
f 73/265/247 151/263/245 152/266/248
f 132/267/249 80/268/207 133/269/250
f 133/269/250 80/268/207 118/270/208
f 113/271/251 112/272/252 153/273/253
f 153/273/253 112/272/252 152/274/254
f 153/273/253 152/274/254 151/275/255
f 153/273/253 151/275/255 154/276/256
f 154/276/256 151/275/255 150/277/257
f 154/276/256 150/277/257 155/278/258
f 155/278/258 150/277/257 149/279/259
f 155/278/258 149/279/259 156/280/260
f 156/280/260 149/279/259 148/281/261
f 156/280/260 148/281/261 157/282/262
f 157/282/262 148/281/261 147/283/263
f 157/282/262 147/283/263 72/284/264
f 72/284/264 118/285/265 157/282/262
f 157/282/262 118/285/265 117/286/266
f 157/282/262 117/286/266 156/280/260
f 156/280/260 117/286/266 116/287/267
f 156/280/260 116/287/267 155/278/258
f 155/278/258 116/287/267 115/288/268
f 155/278/258 115/288/268 154/276/256
f 154/276/256 115/288/268 114/289/269
f 154/276/256 114/289/269 153/273/253
f 153/273/253 114/289/269 113/271/251
f 158/290/270 159/291/271 86/292/272
f 86/292/272 159/291/271 87/293/273
f 159/294/274 146/295/275 87/296/276
f 87/296/276 146/295/275 145/297/277
f 87/296/276 145/297/277 88/298/278
f 88/298/278 145/297/277 144/299/279
f 88/298/278 144/299/279 89/300/280
f 89/300/280 144/299/279 143/301/281
f 89/300/280 143/301/281 90/302/282
f 90/302/282 143/301/281 142/303/283
f 90/302/282 142/303/283 91/304/284
f 91/304/284 142/303/283 92/305/285
f 92/305/285 142/303/283 141/306/286
f 92/305/285 141/306/286 118/307/265
f 118/307/265 141/306/286 140/308/287
f 118/307/265 140/308/287 139/309/288
f 159/294/274 160/310/289 146/295/275
f 139/309/288 138/311/290 118/307/265
f 118/307/265 138/311/290 137/312/291
f 118/307/265 137/312/291 133/313/292
f 133/313/292 137/312/291 136/314/293
f 133/313/292 136/314/293 135/315/294
f 135/315/294 134/316/295 133/313/292
f 118/307/265 72/317/264 92/305/285
f 92/305/285 72/317/264 93/318/296
f 93/318/296 72/317/264 94/319/297
f 94/319/297 72/317/264 95/320/298
f 95/320/298 72/317/264 96/321/299
f 96/321/299 72/317/264 71/322/300
f 96/321/299 71/322/300 97/323/301
f 97/323/301 71/322/300 98/324/302
f 98/324/302 71/322/300 99/325/303
f 160/326/304 161/327/305 146/328/306
f 146/328/306 161/327/305 119/329/307
f 158/330/308 86/331/309 161/332/310
f 161/332/310 86/331/309 119/333/311
f 119/333/311 86/331/309 120/334/312
f 120/334/312 86/331/309 111/335/313
f 120/334/312 111/335/313 121/336/314
f 121/336/314 111/335/313 110/337/315
f 121/336/314 110/337/315 122/338/316
f 122/338/316 110/337/315 109/339/317
f 122/338/316 109/339/317 123/340/318
f 123/340/318 109/339/317 108/341/319
f 123/340/318 108/341/319 107/342/320
f 106/343/321 69/344/165 107/342/320
f 107/342/320 69/344/165 80/345/166
f 107/342/320 80/345/166 124/346/322
f 124/346/322 80/345/166 125/347/323
f 125/347/323 80/345/166 126/348/324
f 126/348/324 80/345/166 127/349/325
f 127/349/325 80/345/166 128/350/326
f 128/350/326 80/345/166 132/351/327
f 128/350/326 132/351/327 129/352/328
f 129/352/328 132/351/327 130/353/329
f 130/353/329 132/351/327 131/354/330
f 106/343/321 105/355/331 69/344/165
f 69/344/165 105/355/331 104/356/332
f 69/344/165 104/356/332 103/357/333
f 69/344/165 103/357/333 70/358/334
f 70/358/334 103/357/333 102/359/335
f 70/358/334 102/359/335 101/360/336
f 101/360/336 100/361/337 70/358/334
f 124/346/322 123/340/318 107/342/320
f 163/362/338 164/363/339 162/364/340
f 162/364/340 164/363/339 165/365/341
f 186/366/342 166/367/343 185/368/344
f 185/368/344 166/367/343 167/369/345
f 185/368/344 167/369/345 184/370/346
f 184/370/346 167/369/345 168/371/347
f 184/370/346 168/371/347 183/372/348
f 183/372/348 168/371/347 169/373/349
f 183/372/348 169/373/349 182/374/350
f 182/374/350 169/373/349 170/375/351
f 182/374/350 170/375/351 181/376/352
f 181/376/352 170/375/351 171/377/353
f 181/376/352 171/377/353 180/378/354
f 180/378/354 171/377/353 172/379/355
f 180/378/354 172/379/355 179/380/356
f 179/380/356 172/379/355 173/381/357
f 179/380/356 173/381/357 178/382/358
f 178/382/358 173/381/357 177/383/359
f 177/383/359 173/381/357 174/384/360
f 177/383/359 174/384/360 176/385/361
f 176/385/361 174/384/360 175/386/362
f 188/387/363 189/388/364 187/389/365
f 187/389/365 189/388/364 190/390/366
f 216/391/367 191/392/368 215/393/369
f 215/393/369 191/392/368 192/394/370
f 215/393/369 192/394/370 214/395/371
f 214/395/371 192/394/370 193/396/372
f 214/395/371 193/396/372 213/397/373
f 213/397/373 193/396/372 194/398/374
f 213/397/373 194/398/374 212/399/375
f 212/399/375 194/398/374 195/400/376
f 212/399/375 195/400/376 211/401/377
f 211/401/377 195/400/376 196/402/378
f 211/401/377 196/402/378 210/403/379
f 210/403/379 196/402/378 197/404/380
f 210/403/379 197/404/380 209/405/381
f 209/405/381 197/404/380 198/406/382
f 209/405/381 198/406/382 208/407/383
f 208/407/383 198/406/382 199/408/384
f 208/407/383 199/408/384 207/409/385
f 207/409/385 199/408/384 200/410/386
f 207/409/385 200/410/386 206/411/387
f 206/411/387 200/410/386 201/412/388
f 206/411/387 201/412/388 205/413/389
f 205/413/389 201/412/388 202/414/390
f 205/413/389 202/414/390 204/415/391
f 204/415/391 202/414/390 203/416/392
f 190/417/366 217/418/393 187/419/365
f 187/419/365 217/418/393 224/420/394
f 224/420/394 217/418/393 218/421/395
f 224/420/394 218/421/395 223/422/396
f 223/422/396 218/421/395 219/423/397
f 223/422/396 219/423/397 222/424/398
f 222/424/398 219/423/397 220/425/399
f 222/424/398 220/425/399 221/426/400
f 221/426/400 220/425/399 159/427/271
f 221/426/400 159/427/271 158/428/270
f 226/429/401 240/430/402 225/431/403
f 225/431/403 240/430/402 189/432/364
f 225/431/403 189/432/364 188/433/363
f 226/429/401 227/434/404 240/430/402
f 240/430/402 227/434/404 239/435/405
f 239/435/405 227/434/404 228/436/406
f 239/435/405 228/436/406 238/437/407
f 238/437/407 228/436/406 229/438/408
f 238/437/407 229/438/408 237/439/409
f 237/439/409 229/438/408 230/440/410
f 237/439/409 230/440/410 236/441/411
f 236/441/411 230/440/410 235/442/412
f 235/442/412 230/440/410 231/443/413
f 235/442/412 231/443/413 234/444/414
f 234/444/414 231/443/413 232/445/415
f 234/444/414 232/445/415 233/446/416
f 233/446/416 232/445/415 175/447/362
f 175/447/362 232/445/415 176/448/361
f 266/449/417 241/450/418 265/451/419
f 265/451/419 241/450/418 242/452/420
f 265/451/419 242/452/420 264/453/421
f 264/453/421 242/452/420 243/454/422
f 264/453/421 243/454/422 263/455/423
f 263/455/423 243/454/422 244/456/424
f 263/455/423 244/456/424 262/457/425
f 262/457/425 244/456/424 245/458/426
f 262/457/425 245/458/426 261/459/427
f 261/459/427 245/458/426 246/460/428
f 261/459/427 246/460/428 260/461/429
f 260/461/429 246/460/428 247/462/430
f 260/461/429 247/462/430 259/463/431
f 259/463/431 247/462/430 248/464/432
f 259/463/431 248/464/432 258/465/433
f 258/465/433 248/464/432 249/466/434
f 258/465/433 249/466/434 257/467/435
f 257/467/435 249/466/434 250/468/436
f 257/467/435 250/468/436 256/469/437
f 256/469/437 250/468/436 251/470/438
f 256/469/437 251/470/438 255/471/439
f 255/471/439 251/470/438 252/472/440
f 255/471/439 252/472/440 254/473/441
f 254/473/441 252/472/440 253/474/442
f 290/475/443 267/476/444 291/477/445
f 291/477/445 267/476/444 268/478/446
f 291/477/445 268/478/446 314/479/447
f 314/479/447 268/478/446 269/480/448
f 314/479/447 269/480/448 313/481/449
f 313/481/449 269/480/448 270/482/450
f 313/481/449 270/482/450 312/483/451
f 312/483/451 270/482/450 271/484/452
f 312/483/451 271/484/452 311/485/453
f 311/485/453 271/484/452 272/486/454
f 311/485/453 272/486/454 310/487/455
f 310/487/455 272/486/454 273/488/456
f 310/487/455 273/488/456 309/489/457
f 309/489/457 273/488/456 274/490/458
f 309/489/457 274/490/458 308/491/459
f 308/491/459 274/490/458 275/492/460
f 308/491/459 275/492/460 307/493/461
f 307/493/461 275/492/460 276/494/462
f 307/493/461 276/494/462 306/495/463
f 306/495/463 276/494/462 277/496/464
f 306/495/463 277/496/464 305/497/465
f 305/497/465 277/496/464 278/498/466
f 305/497/465 278/498/466 304/499/467
f 304/499/467 278/498/466 279/500/468
f 304/499/467 279/500/468 303/501/469
f 303/501/469 279/500/468 302/502/470
f 302/502/470 279/500/468 280/503/471
f 302/502/470 280/503/471 301/504/472
f 301/504/472 280/503/471 281/505/473
f 301/504/472 281/505/473 300/506/474
f 300/506/474 281/505/473 282/507/475
f 300/506/474 282/507/475 299/508/476
f 299/508/476 282/507/475 283/509/477
f 299/508/476 283/509/477 298/510/478
f 298/510/478 283/509/477 284/511/479
f 298/510/478 284/511/479 297/512/480
f 297/512/480 284/511/479 285/513/481
f 297/512/480 285/513/481 296/514/482
f 296/514/482 285/513/481 286/515/483
f 296/514/482 286/515/483 295/516/484
f 295/516/484 286/515/483 287/517/485
f 295/518/484 287/519/485 294/520/486
f 294/520/486 287/519/485 288/521/487
f 294/520/486 288/521/487 293/522/488
f 293/522/488 288/521/487 289/523/489
f 293/522/488 289/523/489 292/524/490
f 292/524/490 289/523/489 290/475/443
f 292/524/490 290/475/443 291/477/445
f 160/525/491 159/526/492 319/527/493
f 319/527/493 159/526/492 220/528/494
f 319/527/493 220/528/494 318/529/495
f 318/529/495 220/528/494 219/530/496
f 318/529/495 219/530/496 317/531/497
f 317/531/497 219/530/496 218/532/498
f 317/531/497 218/532/498 316/533/499
f 316/533/499 218/532/498 217/534/500
f 316/533/499 217/534/500 315/535/501
f 315/535/501 217/534/500 190/536/502
f 254/537/441 253/538/442 321/539/503
f 321/539/503 253/538/442 320/540/504
f 165/541/341 322/542/505 162/543/340
f 162/543/340 322/542/505 353/544/506
f 353/544/506 322/542/505 323/545/507
f 353/544/506 323/545/507 352/546/508
f 352/546/508 323/545/507 324/547/509
f 352/546/508 324/547/509 351/548/510
f 351/548/510 324/547/509 325/549/511
f 351/548/510 325/549/511 350/550/512
f 350/550/512 325/549/511 326/551/513
f 350/550/512 326/551/513 349/552/514
f 349/552/514 326/551/513 327/553/515
f 349/552/514 327/553/515 348/554/516
f 348/554/516 327/553/515 328/555/517
f 348/554/516 328/555/517 347/556/518
f 347/556/518 328/555/517 329/557/519
f 347/556/518 329/557/519 346/558/520
f 346/558/520 329/557/519 330/559/521
f 346/558/520 330/559/521 345/560/522
f 345/560/522 330/559/521 331/561/523
f 345/560/522 331/561/523 344/562/524
f 344/562/524 331/561/523 332/563/525
f 344/562/524 332/563/525 343/564/526
f 343/564/526 332/563/525 333/565/527
f 343/564/526 333/565/527 342/566/528
f 342/566/528 333/565/527 334/567/529
f 342/566/528 334/567/529 341/568/530
f 341/568/530 334/567/529 335/569/531
f 341/568/530 335/569/531 340/570/532
f 340/570/532 335/569/531 336/571/533
f 340/570/532 336/571/533 339/572/534
f 339/572/534 336/571/533 337/573/535
f 339/572/534 337/573/535 338/574/536
f 166/575/343 186/576/342 354/577/537
f 354/577/537 186/576/342 355/578/538
f 241/579/418 266/580/417 356/581/539
f 356/581/539 266/580/417 357/582/540
f 338/583/536 337/584/535 359/585/541
f 359/585/541 337/584/535 358/586/542
f 191/587/368 216/588/367 360/589/543
f 360/589/543 216/588/367 361/590/544
f 363/591/545 409/592/546 362/593/547
f 362/593/547 409/592/546 386/594/548
f 362/593/547 386/594/548 387/595/549
f 409/592/546 363/591/545 408/596/550
f 408/596/550 363/591/545 364/597/551
f 408/596/550 364/597/551 407/598/552
f 407/598/552 364/597/551 365/599/553
f 407/598/552 365/599/553 406/600/554
f 406/600/554 365/599/553 366/601/555
f 406/600/554 366/601/555 405/602/556
f 405/602/556 366/601/555 367/603/557
f 405/602/556 367/603/557 404/604/558
f 404/604/558 367/603/557 368/605/559
f 404/604/558 368/605/559 403/606/560
f 403/606/560 368/605/559 369/607/561
f 403/606/560 369/607/561 402/608/562
f 402/608/562 369/607/561 370/609/563
f 402/608/562 370/609/563 401/610/564
f 401/610/564 370/609/563 371/611/565
f 401/610/564 371/611/565 400/612/566
f 400/612/566 371/611/565 372/613/567
f 400/612/566 372/613/567 399/614/568
f 399/614/568 372/613/567 373/615/569
f 399/614/568 373/615/569 398/616/570
f 398/616/570 373/615/569 374/617/571
f 398/616/570 374/617/571 375/618/572
f 398/616/570 375/618/572 397/619/573
f 397/619/573 375/618/572 376/620/574
f 397/619/573 376/620/574 396/621/575
f 396/621/575 376/620/574 377/622/576
f 396/621/575 377/622/576 395/623/577
f 395/623/577 377/622/576 378/624/578
f 395/623/577 378/624/578 394/625/579
f 394/625/579 378/624/578 379/626/580
f 394/625/579 379/626/580 393/627/581
f 393/627/581 379/626/580 380/628/582
f 393/627/581 380/628/582 392/629/583
f 392/629/583 380/628/582 381/630/584
f 392/629/583 381/630/584 391/631/585
f 391/631/585 381/630/584 382/632/586
f 391/631/585 382/632/586 390/633/587
f 390/634/587 382/635/586 383/636/588
f 390/634/587 383/636/588 389/637/589
f 389/637/589 383/636/588 384/638/590
f 389/637/589 384/638/590 388/639/591
f 388/639/591 384/638/590 385/640/592
f 388/639/591 385/640/592 387/595/549
f 387/595/549 385/640/592 362/593/547
f 410/641/593 411/642/594 203/643/392
f 203/643/392 411/642/594 204/644/391
f 321/645/503 320/646/504 433/647/595
f 433/647/595 320/646/504 412/648/596
f 433/647/595 412/648/596 432/649/597
f 432/649/597 412/648/596 413/650/598
f 432/649/597 413/650/598 431/651/599
f 431/651/599 413/650/598 414/652/600
f 431/651/599 414/652/600 430/653/601
f 430/653/601 414/652/600 415/654/602
f 430/653/601 415/654/602 429/655/603
f 429/655/603 415/654/602 416/656/604
f 429/655/603 416/656/604 428/657/605
f 428/657/605 416/656/604 417/658/606
f 428/657/605 417/658/606 427/659/607
f 427/659/607 417/658/606 418/660/608
f 427/659/607 418/660/608 426/661/609
f 426/661/609 418/660/608 419/662/610
f 426/661/609 419/662/610 425/663/611
f 425/663/611 419/662/610 420/664/612
f 425/663/611 420/664/612 424/665/613
f 424/665/613 420/664/612 421/666/614
f 424/665/613 421/666/614 423/667/615
f 423/667/615 421/666/614 422/668/616
f 423/667/615 422/668/616 357/669/540
f 357/669/540 422/668/616 356/670/539
f 158/671/617 161/672/618 221/673/619
f 221/673/619 161/672/618 434/674/620
f 221/673/619 434/674/620 222/675/621
f 222/675/621 434/674/620 435/676/622
f 222/675/621 435/676/622 223/677/623
f 223/677/623 435/676/622 436/678/624
f 223/677/623 436/678/624 224/679/625
f 224/679/625 436/678/624 437/680/626
f 224/679/625 437/680/626 187/681/627
f 187/681/627 437/680/626 438/682/628
f 161/683/305 160/684/304 434/685/629
f 434/685/629 160/684/304 319/686/630
f 434/685/629 319/686/630 435/687/631
f 435/687/631 319/686/630 318/688/632
f 435/687/631 318/688/632 436/689/633
f 436/689/633 318/688/632 317/690/634
f 436/689/633 317/690/634 437/691/635
f 437/691/635 317/690/634 316/692/636
f 437/691/635 316/692/636 438/693/637
f 438/693/637 316/692/636 315/694/638
f 411/695/594 410/696/593 460/697/639
f 460/697/639 410/696/593 439/698/640
f 460/697/639 439/698/640 459/699/641
f 459/699/641 439/698/640 440/700/642
f 459/699/641 440/700/642 458/701/643
f 458/701/643 440/700/642 441/702/644
f 458/701/643 441/702/644 457/703/645
f 457/703/645 441/702/644 442/704/646
f 457/703/645 442/704/646 456/705/647
f 456/705/647 442/704/646 443/706/648
f 456/705/647 443/706/648 455/707/649
f 455/707/649 443/706/648 444/708/650
f 455/707/649 444/708/650 454/709/651
f 454/709/651 444/708/650 445/710/652
f 454/709/651 445/710/652 453/711/653
f 453/711/653 445/710/652 446/712/654
f 453/711/653 446/712/654 452/713/655
f 452/713/655 446/712/654 447/714/656
f 452/713/655 447/714/656 451/715/657
f 451/715/657 447/714/656 448/716/658
f 451/715/657 448/716/658 450/717/659
f 450/717/659 448/716/658 449/718/660
f 450/717/659 449/718/660 361/719/544
f 361/719/544 449/718/660 360/720/543
f 359/721/541 358/722/542 490/723/661
f 490/723/661 358/722/542 461/724/662
f 490/723/661 461/724/662 489/725/663
f 489/725/663 461/724/662 462/726/664
f 489/725/663 462/726/664 488/727/665
f 488/727/665 462/726/664 463/728/666
f 488/727/665 463/728/666 487/729/667
f 487/729/667 463/728/666 464/730/668
f 487/729/667 464/730/668 486/731/669
f 486/731/669 464/730/668 465/732/670
f 486/731/669 465/732/670 485/733/671
f 485/733/671 465/732/670 466/734/672
f 485/733/671 466/734/672 484/735/673
f 484/735/673 466/734/672 467/736/674
f 484/735/673 467/736/674 483/737/675
f 483/737/675 467/736/674 468/738/676
f 483/737/675 468/738/676 482/739/677
f 482/739/677 468/738/676 469/740/678
f 482/739/677 469/740/678 481/741/679
f 481/741/679 469/740/678 470/742/680
f 481/741/679 470/742/680 480/743/681
f 480/743/681 470/742/680 471/744/682
f 480/743/681 471/744/682 479/745/683
f 479/745/683 471/744/682 472/746/684
f 479/745/683 472/746/684 478/747/685
f 478/747/685 472/746/684 473/748/686
f 478/747/685 473/748/686 477/749/687
f 477/749/687 473/748/686 474/750/688
f 477/749/687 474/750/688 476/751/689
f 476/751/689 474/750/688 475/752/690
f 476/751/689 475/752/690 355/753/538
f 355/753/538 475/752/690 354/754/537
f 491/755/691 492/756/692 240/757/693
f 240/757/693 492/756/692 189/758/694
f 189/758/694 492/756/692 315/759/501
f 189/758/694 315/759/501 190/760/502
f 164/761/339 163/762/338 511/763/695
f 511/763/695 163/762/338 493/764/696
f 511/763/695 493/764/696 510/765/697
f 510/765/697 493/764/696 494/766/698
f 510/765/697 494/766/698 509/767/699
f 509/767/699 494/766/698 495/768/700
f 509/767/699 495/768/700 508/769/701
f 508/769/701 495/768/700 496/770/702
f 508/769/701 496/770/702 507/771/703
f 507/771/703 496/770/702 497/772/704
f 507/771/703 497/772/704 506/773/705
f 506/773/705 497/772/704 498/774/706
f 506/773/705 498/774/706 505/775/707
f 505/775/707 498/774/706 499/776/708
f 505/775/707 499/776/708 504/777/709
f 504/777/709 499/776/708 503/778/710
f 503/778/710 499/776/708 500/779/711
f 503/778/710 500/779/711 501/780/712
f 501/780/712 502/781/713 503/778/710
f 233/782/714 512/783/715 234/784/716
f 234/784/716 512/783/715 513/785/717
f 234/784/716 513/785/717 235/786/718
f 235/786/718 513/785/717 514/787/719
f 235/786/718 514/787/719 236/788/720
f 236/788/720 514/787/719 515/789/721
f 236/788/720 515/789/721 237/790/722
f 237/790/722 515/789/721 516/791/723
f 237/790/722 516/791/723 238/792/724
f 238/792/724 516/791/723 517/793/725
f 238/792/724 517/793/725 239/794/726
f 239/794/726 517/793/725 518/795/727
f 239/794/726 518/795/727 240/796/693
f 240/796/693 518/795/727 491/797/691
f 232/798/728 519/799/729 176/800/730
f 176/800/730 519/799/729 501/801/731
f 176/800/730 501/801/731 500/802/732
f 176/800/730 500/802/732 177/803/733
f 177/803/733 500/802/732 499/804/734
f 177/803/733 499/804/734 178/805/735
f 178/805/735 499/804/734 179/806/736
f 179/806/736 499/804/734 498/807/737
f 179/806/736 498/807/737 180/808/738
f 180/808/738 498/807/737 497/809/739
f 180/808/738 497/809/739 181/810/740
f 181/810/740 497/809/739 496/811/741
f 181/810/740 496/811/741 182/812/742
f 182/812/742 496/811/741 495/813/743
f 182/812/742 495/813/743 183/814/744
f 183/814/744 495/813/743 494/815/745
f 183/814/744 494/815/745 259/816/746
f 259/816/746 494/815/745 260/817/747
f 260/817/747 494/815/745 303/818/748
f 260/817/747 303/818/748 302/819/749
f 493/820/750 306/821/751 494/815/745
f 494/815/745 306/821/751 305/822/752
f 494/815/745 305/822/752 304/823/753
f 163/824/754 308/825/755 493/820/750
f 493/820/750 308/825/755 307/826/756
f 493/820/750 307/826/756 306/821/751
f 162/827/757 214/828/758 163/824/754
f 163/824/754 214/828/758 310/829/759
f 163/824/754 310/829/759 309/830/760
f 353/831/761 361/832/762 162/827/757
f 162/827/757 361/832/762 216/833/763
f 162/827/757 216/833/763 215/834/764
f 353/831/761 352/835/765 361/832/762
f 361/832/762 352/835/765 450/836/766
f 450/836/766 352/835/765 351/837/767
f 450/836/766 351/837/767 451/838/768
f 451/838/768 351/837/767 452/839/769
f 452/839/769 351/837/767 350/840/770
f 452/839/769 350/840/770 453/841/771
f 453/841/771 350/840/770 454/842/772
f 454/842/772 350/840/770 349/843/773
f 454/842/772 349/843/773 455/844/774
f 455/844/774 349/843/773 456/845/775
f 456/845/775 349/843/773 348/846/776
f 456/845/775 348/846/776 457/847/777
f 457/847/777 348/846/776 458/848/778
f 458/848/778 348/846/776 347/849/779
f 458/848/778 347/849/779 459/850/780
f 459/850/780 347/849/779 460/851/781
f 460/851/781 347/849/779 346/852/782
f 460/851/781 346/852/782 411/853/783
f 411/853/783 346/852/782 204/854/784
f 204/854/784 346/852/782 345/855/785
f 204/854/784 345/855/785 205/856/786
f 205/856/786 345/855/785 344/857/787
f 205/856/786 344/857/787 296/858/788
f 296/858/788 344/857/787 297/859/789
f 297/859/789 344/857/787 343/860/790
f 297/859/789 343/860/790 338/861/791
f 338/861/791 343/860/790 342/862/792
f 338/861/791 342/862/792 341/863/793
f 341/863/793 340/864/794 338/861/791
f 338/861/791 340/864/794 339/865/795
f 359/866/796 265/867/797 338/861/791
f 338/861/791 265/867/797 298/868/798
f 338/861/791 298/868/798 297/859/789
f 490/869/799 489/870/800 359/866/796
f 359/866/796 489/870/800 488/871/801
f 359/866/796 488/871/801 487/872/802
f 359/866/796 487/872/802 357/873/803
f 357/873/803 487/872/802 486/874/804
f 357/873/803 486/874/804 485/875/805
f 484/876/806 403/877/807 485/875/805
f 485/875/805 403/877/807 423/878/808
f 485/875/805 423/878/808 357/873/803
f 403/877/807 484/876/806 404/879/809
f 404/879/809 484/876/806 483/880/810
f 404/879/809 483/880/810 405/881/811
f 405/881/811 483/880/810 482/882/812
f 405/881/811 482/882/812 406/883/813
f 406/883/813 482/882/812 407/884/814
f 407/884/814 482/882/812 481/885/815
f 407/884/814 481/885/815 408/886/816
f 408/886/816 481/885/815 409/887/817
f 409/887/817 481/885/815 386/888/818
f 386/888/818 481/885/815 480/889/819
f 386/888/818 480/889/819 387/890/820
f 387/890/820 480/889/819 388/891/821
f 388/891/821 480/889/819 479/892/822
f 388/891/821 479/892/822 389/893/823
f 389/893/823 479/892/822 478/894/824
f 389/893/823 478/894/824 390/895/825
f 390/895/825 478/894/824 391/896/826
f 391/896/826 478/894/824 477/897/827
f 391/896/826 477/897/827 392/898/828
f 392/898/828 477/897/827 476/899/829
f 392/898/828 476/899/829 355/900/830
f 186/901/831 394/902/832 355/900/830
f 355/900/830 394/902/832 393/903/833
f 355/900/830 393/903/833 392/898/828
f 185/904/834 255/905/835 186/901/831
f 186/901/831 255/905/835 254/906/836
f 186/901/831 254/906/836 321/907/837
f 184/908/838 257/909/839 185/904/834
f 185/904/834 257/909/839 256/910/840
f 185/904/834 256/910/840 255/905/835
f 183/814/744 259/816/746 184/908/838
f 184/908/838 259/816/746 258/911/841
f 184/908/838 258/911/841 257/909/839
f 403/877/807 402/912/842 423/878/808
f 423/878/808 402/912/842 424/913/843
f 424/913/843 402/912/842 401/914/844
f 424/913/843 401/914/844 425/915/845
f 425/915/845 401/914/844 400/916/846
f 425/915/845 400/916/846 426/917/847
f 426/917/847 400/916/846 399/918/848
f 426/917/847 399/918/848 427/919/849
f 427/919/849 399/918/848 428/920/850
f 428/920/850 399/918/848 398/921/851
f 428/920/850 398/921/851 429/922/852
f 429/922/852 398/921/851 397/923/853
f 429/922/852 397/923/853 430/924/854
f 430/924/854 397/923/853 396/925/855
f 430/924/854 396/925/855 431/926/856
f 431/926/856 396/925/855 395/927/857
f 431/926/856 395/927/857 432/928/858
f 432/928/858 395/927/857 394/902/832
f 432/928/858 394/902/832 433/929/859
f 433/929/859 394/902/832 186/901/831
f 433/929/859 186/901/831 321/907/837
f 215/834/764 214/828/758 162/827/757
f 310/829/759 214/828/758 311/930/860
f 311/930/860 214/828/758 213/931/861
f 311/930/860 213/931/861 212/932/862
f 211/933/863 313/934/864 212/932/862
f 212/932/862 313/934/864 312/935/865
f 212/932/862 312/935/865 311/930/860
f 313/934/864 211/933/863 314/936/866
f 314/936/866 211/933/863 210/937/867
f 314/936/866 210/937/867 291/938/868
f 291/938/868 210/937/867 209/939/869
f 291/938/868 209/939/869 292/940/870
f 292/940/870 209/939/869 208/941/871
f 292/940/870 208/941/871 293/942/872
f 293/942/872 208/941/871 207/943/873
f 293/942/872 207/943/873 294/944/874
f 294/944/874 207/943/873 295/945/875
f 295/945/875 207/943/873 206/946/876
f 295/945/875 206/946/876 296/858/788
f 296/858/788 206/946/876 205/856/786
f 309/830/760 308/825/755 163/824/754
f 304/823/753 303/818/748 494/815/745
f 260/817/747 302/819/749 261/947/877
f 261/947/877 302/819/749 301/948/878
f 261/947/877 301/948/878 262/949/879
f 262/949/879 301/948/878 300/950/880
f 262/949/879 300/950/880 263/951/881
f 263/951/881 300/950/880 299/952/882
f 263/951/881 299/952/882 264/953/883
f 264/953/883 299/952/882 298/868/798
f 264/953/883 298/868/798 265/867/797
f 357/873/803 266/954/884 359/866/796
f 359/866/796 266/954/884 265/867/797
f 520/955/885 438/956/637 492/957/886
f 492/957/886 438/956/637 315/958/638
f 225/959/887 521/960/888 226/961/889
f 226/961/889 521/960/888 522/962/890
f 226/961/889 522/962/890 227/963/891
f 227/963/891 522/962/890 523/964/892
f 227/963/891 523/964/892 228/965/893
f 228/965/893 523/964/892 524/966/894
f 228/965/893 524/966/894 229/967/895
f 229/967/895 524/966/894 525/968/896
f 229/967/895 525/968/896 230/969/897
f 230/969/897 525/968/896 526/970/898
f 230/969/897 526/970/898 231/971/899
f 231/971/899 526/970/898 527/972/900
f 231/971/899 527/972/900 232/973/728
f 232/973/728 527/972/900 519/974/729
f 225/975/887 188/976/901 521/977/888
f 521/977/888 188/976/901 520/978/902
f 520/978/902 188/976/901 187/979/627
f 520/978/902 187/979/627 438/980/628
f 412/981/903 320/982/904 166/983/905
f 166/983/905 320/982/904 253/984/906
f 166/983/905 253/984/906 167/985/907
f 167/985/907 253/984/906 252/986/908
f 167/985/907 252/986/908 251/987/909
f 250/988/910 510/989/911 251/987/909
f 251/987/909 510/989/911 168/990/912
f 251/987/909 168/990/912 167/985/907
f 249/991/913 277/992/914 250/988/910
f 250/988/910 277/992/914 276/993/915
f 250/988/910 276/993/915 510/989/911
f 510/989/911 276/993/915 275/994/916
f 510/989/911 275/994/916 511/995/917
f 511/995/917 275/994/916 274/996/918
f 511/995/917 274/996/918 164/997/919
f 164/997/919 274/996/918 273/998/920
f 164/997/919 273/998/920 272/999/921
f 277/992/914 249/991/913 278/1000/922
f 278/1000/922 249/991/913 248/1001/923
f 278/1000/922 248/1001/923 279/1002/924
f 279/1002/924 248/1001/923 247/1003/925
f 279/1002/924 247/1003/925 280/1004/926
f 280/1004/926 247/1003/925 246/1005/927
f 280/1004/926 246/1005/927 281/1006/928
f 281/1006/928 246/1005/927 245/1007/929
f 281/1006/928 245/1007/929 282/1008/930
f 282/1008/930 245/1007/929 244/1009/931
f 282/1008/930 244/1009/931 283/1010/932
f 283/1010/932 244/1009/931 243/1011/933
f 283/1010/932 243/1011/933 284/1012/934
f 284/1012/934 243/1011/933 242/1013/935
f 284/1012/934 242/1013/935 337/1014/936
f 337/1014/936 242/1013/935 358/1015/937
f 358/1015/937 242/1013/935 241/1016/938
f 358/1015/937 241/1016/938 356/1017/939
f 356/1017/939 422/1018/940 358/1015/937
f 358/1015/937 422/1018/940 369/1019/941
f 358/1015/937 369/1019/941 463/1020/942
f 463/1020/942 369/1019/941 464/1021/943
f 464/1021/943 369/1019/941 368/1022/944
f 464/1021/943 368/1022/944 465/1023/945
f 465/1023/945 368/1022/944 367/1024/946
f 465/1023/945 367/1024/946 466/1025/947
f 466/1025/947 367/1024/946 366/1026/948
f 466/1025/947 366/1026/948 467/1027/949
f 467/1027/949 366/1026/948 365/1028/950
f 467/1027/949 365/1028/950 364/1029/951
f 369/1019/941 422/1018/940 370/1030/952
f 370/1030/952 422/1018/940 421/1031/953
f 370/1030/952 421/1031/953 371/1032/954
f 371/1032/954 421/1031/953 420/1033/955
f 371/1032/954 420/1033/955 372/1034/956
f 372/1034/956 420/1033/955 419/1035/957
f 372/1034/956 419/1035/957 373/1036/958
f 373/1036/958 419/1035/957 418/1037/959
f 373/1036/958 418/1037/959 417/1038/960
f 373/1036/958 417/1038/960 374/1039/961
f 374/1039/961 417/1038/960 416/1040/962
f 374/1039/961 416/1040/962 375/1041/963
f 375/1041/963 416/1040/962 415/1042/964
f 375/1041/963 415/1042/964 376/1043/965
f 376/1043/965 415/1042/964 414/1044/966
f 376/1043/965 414/1044/966 377/1045/967
f 377/1045/967 414/1044/966 413/1046/968
f 377/1045/967 413/1046/968 378/1047/969
f 378/1047/969 413/1046/968 412/981/903
f 378/1047/969 412/981/903 379/1048/970
f 379/1048/970 412/981/903 166/983/905
f 379/1048/970 166/983/905 354/1049/971
f 290/1050/972 198/1051/973 267/1052/974
f 267/1052/974 198/1051/973 197/1053/975
f 267/1052/974 197/1053/975 268/1054/976
f 268/1054/976 197/1053/975 196/1055/977
f 268/1054/976 196/1055/977 269/1056/978
f 269/1056/978 196/1055/977 270/1057/979
f 270/1057/979 196/1055/977 195/1058/980
f 270/1057/979 195/1058/980 271/1059/981
f 271/1059/981 195/1058/980 194/1060/982
f 271/1059/981 194/1060/982 272/999/921
f 272/999/921 194/1060/982 193/1061/983
f 272/999/921 193/1061/983 192/1062/984
f 198/1051/973 290/1050/972 199/1063/985
f 199/1063/985 290/1050/972 289/1064/986
f 199/1063/985 289/1064/986 200/1065/987
f 200/1065/987 289/1064/986 288/1066/988
f 200/1065/987 288/1066/988 287/1067/989
f 200/1065/987 287/1067/989 201/1068/990
f 201/1068/990 287/1067/989 286/1069/991
f 201/1068/990 286/1069/991 202/1070/992
f 202/1070/992 286/1069/991 337/1014/936
f 202/1070/992 337/1014/936 334/1071/993
f 334/1071/993 337/1014/936 335/1072/994
f 335/1072/994 337/1014/936 336/1073/995
f 286/1069/991 285/1074/996 337/1014/936
f 337/1014/936 285/1074/996 284/1012/934
f 203/1075/997 332/1076/998 410/1077/999
f 410/1077/999 332/1076/998 331/1078/1000
f 410/1077/999 331/1078/1000 439/1079/1001
f 439/1079/1001 331/1078/1000 440/1080/1002
f 440/1080/1002 331/1078/1000 330/1081/1003
f 440/1080/1002 330/1081/1003 441/1082/1004
f 441/1082/1004 330/1081/1003 442/1083/1005
f 442/1083/1005 330/1081/1003 329/1084/1006
f 442/1083/1005 329/1084/1006 443/1085/1007
f 443/1085/1007 329/1084/1006 444/1086/1008
f 444/1086/1008 329/1084/1006 445/1087/1009
f 445/1087/1009 329/1084/1006 328/1088/1010
f 445/1087/1009 328/1088/1010 446/1089/1011
f 446/1089/1011 328/1088/1010 447/1090/1012
f 447/1090/1012 328/1088/1010 327/1091/1013
f 447/1090/1012 327/1091/1013 448/1092/1014
f 448/1092/1014 327/1091/1013 449/1093/1015
f 449/1093/1015 327/1091/1013 326/1094/1016
f 449/1093/1015 326/1094/1016 360/1095/1017
f 360/1095/1017 326/1094/1016 191/1096/1018
f 191/1096/1018 326/1094/1016 325/1097/1019
f 191/1096/1018 325/1097/1019 324/1098/1020
f 332/1076/998 203/1075/997 333/1099/1021
f 333/1099/1021 203/1075/997 202/1070/992
f 333/1099/1021 202/1070/992 334/1071/993
f 191/1096/1018 324/1098/1020 192/1062/984
f 192/1062/984 324/1098/1020 165/1100/1022
f 192/1062/984 165/1100/1022 164/997/919
f 363/1101/1023 362/1102/1024 468/1103/1025
f 468/1103/1025 362/1102/1024 385/1104/1026
f 468/1103/1025 385/1104/1026 469/1105/1027
f 469/1105/1027 385/1104/1026 384/1106/1028
f 469/1105/1027 384/1106/1028 383/1107/1029
f 383/1107/1029 382/1108/1030 469/1105/1027
f 469/1105/1027 382/1108/1030 470/1109/1031
f 470/1109/1031 382/1108/1030 381/1110/1032
f 470/1109/1031 381/1110/1032 380/1111/1033
f 379/1048/970 472/1112/1034 380/1111/1033
f 380/1111/1033 472/1112/1034 471/1113/1035
f 380/1111/1033 471/1113/1035 470/1109/1031
f 364/1029/951 363/1101/1023 467/1027/949
f 467/1027/949 363/1101/1023 468/1103/1025
f 512/1114/715 233/1115/714 502/1116/1036
f 502/1116/1036 233/1115/714 175/1117/1037
f 502/1116/1036 175/1117/1037 174/1118/1038
f 502/1116/1036 174/1118/1038 503/1119/1039
f 503/1119/1039 174/1118/1038 173/1120/1040
f 503/1119/1039 173/1120/1040 504/1121/1041
f 504/1121/1041 173/1120/1040 505/1122/1042
f 505/1122/1042 173/1120/1040 172/1123/1043
f 505/1122/1042 172/1123/1043 506/1124/1044
f 506/1124/1044 172/1123/1043 171/1125/1045
f 506/1124/1044 171/1125/1045 507/1126/1046
f 507/1126/1046 171/1125/1045 170/1127/1047
f 507/1126/1046 170/1127/1047 508/1128/1048
f 508/1128/1048 170/1127/1047 169/1129/1049
f 508/1128/1048 169/1129/1049 509/1130/1050
f 509/1130/1050 169/1129/1049 168/990/912
f 509/1130/1050 168/990/912 510/989/911
f 475/1131/1051 474/1132/1052 354/1049/971
f 354/1049/971 474/1132/1052 473/1133/1053
f 354/1049/971 473/1133/1053 379/1048/970
f 379/1048/970 473/1133/1053 472/1112/1034
f 463/1020/942 462/1134/1054 358/1015/937
f 358/1015/937 462/1134/1054 461/1135/1055
f 324/1098/1020 323/1136/1056 165/1100/1022
f 165/1100/1022 323/1136/1056 322/1137/1057
f 164/997/919 272/999/921 192/1062/984
f 520/1138/885 492/1139/886 521/1140/1058
f 521/1140/1058 492/1139/886 491/1141/1059
f 521/1140/1058 491/1141/1059 522/1142/1060
f 522/1142/1060 491/1141/1059 523/1143/1061
f 523/1143/1061 491/1141/1059 518/1144/1062
f 523/1143/1061 518/1144/1062 524/1145/1063
f 524/1145/1063 518/1144/1062 517/1146/1064
f 524/1145/1063 517/1146/1064 525/1147/1065
f 525/1147/1065 517/1146/1064 516/1148/1066
f 525/1147/1065 516/1148/1066 526/1149/1067
f 526/1149/1067 516/1148/1066 515/1150/1068
f 526/1149/1067 515/1150/1068 514/1151/1069
f 526/1149/1067 514/1151/1069 527/1152/1070
f 527/1152/1070 514/1151/1069 513/1153/1071
f 527/1152/1070 513/1153/1071 519/1154/1072
f 519/1154/1072 513/1153/1071 512/1155/1073
f 519/1154/1072 512/1155/1073 502/1156/713
f 502/1156/713 501/1157/712 519/1154/1072
# 527 vertices
# 1157 texture params
# 1073 normals
# 1060 facets

# 2 groups
